method,feature,target,correlation,n
pearson,readyProb_0__mean,reaction_smoothness_score,,31
pearson,readyProb_0__mean,steering_smoothness_score,-0.4285207349161024,31
pearson,readyProb_0__mean,longitudinal_smoothness_score,-0.1455208444415507,31
pearson,readyProb_0__mean,lateral_stability_score,0.0854182843995381,31
pearson,readyProb_0__max,reaction_smoothness_score,,31
pearson,readyProb_0__max,steering_smoothness_score,-0.4200143058961157,31
pearson,readyProb_0__max,longitudinal_smoothness_score,-0.13932340993432143,31
pearson,readyProb_0__max,lateral_stability_score,0.09189933558408413,31
pearson,readyProb_0__std,reaction_smoothness_score,,31
pearson,readyProb_0__std,steering_smoothness_score,0.39046193991674216,31
pearson,readyProb_0__std,longitudinal_smoothness_score,0.24768513165513167,31
pearson,readyProb_0__std,lateral_stability_score,0.08460996439414732,31
pearson,readyProb_1__mean,reaction_smoothness_score,,31
pearson,readyProb_1__mean,steering_smoothness_score,0.4243528672593162,31
pearson,readyProb_1__mean,longitudinal_smoothness_score,0.1286322687030374,31
pearson,readyProb_1__mean,lateral_stability_score,-0.04573663289341895,31
pearson,readyProb_1__max,reaction_smoothness_score,,31
pearson,readyProb_1__max,steering_smoothness_score,0.44513674210089293,31
pearson,readyProb_1__max,longitudinal_smoothness_score,0.1345790224848903,31
pearson,readyProb_1__max,lateral_stability_score,-0.03172633076640178,31
pearson,readyProb_1__std,reaction_smoothness_score,,31
pearson,readyProb_1__std,steering_smoothness_score,0.27766100441456915,31
pearson,readyProb_1__std,longitudinal_smoothness_score,0.1508560284670762,31
pearson,readyProb_1__std,lateral_stability_score,0.006674588855337216,31
pearson,readyProb_2__mean,reaction_smoothness_score,,31
pearson,readyProb_2__mean,steering_smoothness_score,0.4101593403215008,31
pearson,readyProb_2__mean,longitudinal_smoothness_score,0.16234152373342509,31
pearson,readyProb_2__mean,lateral_stability_score,-0.08575951910363816,31
pearson,readyProb_2__max,reaction_smoothness_score,,31
pearson,readyProb_2__max,steering_smoothness_score,0.4086897263912352,31
pearson,readyProb_2__max,longitudinal_smoothness_score,0.1621272837458865,31
pearson,readyProb_2__max,lateral_stability_score,-0.08895804951559177,31
pearson,readyProb_2__std,reaction_smoothness_score,,31
pearson,readyProb_2__std,steering_smoothness_score,-0.008329416790720036,31
pearson,readyProb_2__std,longitudinal_smoothness_score,0.055140313198007475,31
pearson,readyProb_2__std,lateral_stability_score,-0.30886040010981264,31
pearson,readyProb_3__mean,reaction_smoothness_score,,31
pearson,readyProb_3__mean,steering_smoothness_score,0.397360427223765,31
pearson,readyProb_3__mean,longitudinal_smoothness_score,0.1480365067485929,31
pearson,readyProb_3__mean,lateral_stability_score,-0.11331500318049517,31
pearson,readyProb_3__max,reaction_smoothness_score,,31
pearson,readyProb_3__max,steering_smoothness_score,0.3968189961091767,31
pearson,readyProb_3__max,longitudinal_smoothness_score,0.15628084318322558,31
pearson,readyProb_3__max,lateral_stability_score,-0.11401380060099794,31
pearson,readyProb_3__std,reaction_smoothness_score,,31
pearson,readyProb_3__std,steering_smoothness_score,0.16067005496248984,31
pearson,readyProb_3__std,longitudinal_smoothness_score,0.23255735505136402,31
pearson,readyProb_3__std,lateral_stability_score,-0.01707886485815489,31
pearson,notReadyProb_0__mean,reaction_smoothness_score,,31
pearson,notReadyProb_0__mean,steering_smoothness_score,0.3610996989685781,31
pearson,notReadyProb_0__mean,longitudinal_smoothness_score,-0.0033226002955554245,31
pearson,notReadyProb_0__mean,lateral_stability_score,0.175368887477001,31
pearson,notReadyProb_0__max,reaction_smoothness_score,,31
pearson,notReadyProb_0__max,steering_smoothness_score,0.33298094635675884,31
pearson,notReadyProb_0__max,longitudinal_smoothness_score,-0.011548684575894495,31
pearson,notReadyProb_0__max,lateral_stability_score,0.19172303469959093,31
pearson,notReadyProb_0__std,reaction_smoothness_score,,31
pearson,notReadyProb_0__std,steering_smoothness_score,0.27294198131160835,31
pearson,notReadyProb_0__std,longitudinal_smoothness_score,0.0017928564179504106,31
pearson,notReadyProb_0__std,lateral_stability_score,0.20496039636810248,31
pearson,notReadyProb_1__mean,reaction_smoothness_score,,31
pearson,notReadyProb_1__mean,steering_smoothness_score,0.19605232816266585,31
pearson,notReadyProb_1__mean,longitudinal_smoothness_score,0.22899515988596808,31
pearson,notReadyProb_1__mean,lateral_stability_score,-0.17022556625642735,31
pearson,notReadyProb_1__max,reaction_smoothness_score,,31
pearson,notReadyProb_1__max,steering_smoothness_score,0.23506973016300342,31
pearson,notReadyProb_1__max,longitudinal_smoothness_score,0.22936994135330926,31
pearson,notReadyProb_1__max,lateral_stability_score,-0.15158606968051397,31
pearson,notReadyProb_1__std,reaction_smoothness_score,,31
pearson,notReadyProb_1__std,steering_smoothness_score,0.34474723997460593,31
pearson,notReadyProb_1__std,longitudinal_smoothness_score,0.14587273108087964,31
pearson,notReadyProb_1__std,lateral_stability_score,-0.03582375082780638,31
pearson,awarenessStatus__mean,reaction_smoothness_score,,31
pearson,awarenessStatus__mean,steering_smoothness_score,0.20363640644244063,31
pearson,awarenessStatus__mean,longitudinal_smoothness_score,0.11283219418359268,31
pearson,awarenessStatus__mean,lateral_stability_score,-0.025813304289768205,31
pearson,awarenessStatus__max,reaction_smoothness_score,,31
pearson,awarenessStatus__max,steering_smoothness_score,,31
pearson,awarenessStatus__max,longitudinal_smoothness_score,,31
pearson,awarenessStatus__max,lateral_stability_score,,31
pearson,awarenessStatus__std,reaction_smoothness_score,,31
pearson,awarenessStatus__std,steering_smoothness_score,-0.2036364064424407,31
pearson,awarenessStatus__std,longitudinal_smoothness_score,-0.11283219418359268,31
pearson,awarenessStatus__std,lateral_stability_score,0.025813304289768205,31
pearson,isDistracted__mean,reaction_smoothness_score,,31
pearson,isDistracted__mean,steering_smoothness_score,-0.20363640644244063,31
pearson,isDistracted__mean,longitudinal_smoothness_score,-0.1128321941835927,31
pearson,isDistracted__mean,lateral_stability_score,0.025813304289768208,31
pearson,isDistracted__max,reaction_smoothness_score,,31
pearson,isDistracted__max,steering_smoothness_score,-0.20363640644244063,31
pearson,isDistracted__max,longitudinal_smoothness_score,-0.11283219418359268,31
pearson,isDistracted__max,lateral_stability_score,0.025813304289768208,31
pearson,isDistracted__std,reaction_smoothness_score,,31
pearson,isDistracted__std,steering_smoothness_score,-0.2036364064424407,31
pearson,isDistracted__std,longitudinal_smoothness_score,-0.1128321941835927,31
pearson,isDistracted__std,lateral_stability_score,0.025813304289768208,31
pearson,distractedType__mean,reaction_smoothness_score,,31
pearson,distractedType__mean,steering_smoothness_score,-0.20363640644244063,31
pearson,distractedType__mean,longitudinal_smoothness_score,-0.1128321941835927,31
pearson,distractedType__mean,lateral_stability_score,0.025813304289768208,31
pearson,distractedType__max,reaction_smoothness_score,,31
pearson,distractedType__max,steering_smoothness_score,-0.20363640644244063,31
pearson,distractedType__max,longitudinal_smoothness_score,-0.11283219418359268,31
pearson,distractedType__max,lateral_stability_score,0.025813304289768208,31
pearson,distractedType__std,reaction_smoothness_score,,31
pearson,distractedType__std,steering_smoothness_score,-0.2036364064424407,31
pearson,distractedType__std,longitudinal_smoothness_score,-0.1128321941835927,31
pearson,distractedType__std,lateral_stability_score,0.025813304289768208,31
pearson,occludedProb__mean,reaction_smoothness_score,,31
pearson,occludedProb__mean,steering_smoothness_score,-0.20454520480595537,31
pearson,occludedProb__mean,longitudinal_smoothness_score,-0.1026114030741834,31
pearson,occludedProb__mean,lateral_stability_score,0.15155798029735632,31
pearson,occludedProb__max,reaction_smoothness_score,,31
pearson,occludedProb__max,steering_smoothness_score,-0.1376098965208584,31
pearson,occludedProb__max,longitudinal_smoothness_score,-0.11644047000170694,31
pearson,occludedProb__max,lateral_stability_score,0.122642789145786,31
pearson,occludedProb__std,reaction_smoothness_score,,31
pearson,occludedProb__std,steering_smoothness_score,-0.00862357664950511,31
pearson,occludedProb__std,longitudinal_smoothness_score,-0.1478449157726985,31
pearson,occludedProb__std,lateral_stability_score,-0.057689792336710184,31
pearson,poorVisionProb__mean,reaction_smoothness_score,,31
pearson,poorVisionProb__mean,steering_smoothness_score,0.13450972004031264,31
pearson,poorVisionProb__mean,longitudinal_smoothness_score,-0.2153973753051505,31
pearson,poorVisionProb__mean,lateral_stability_score,0.05982600519828848,31
pearson,poorVisionProb__max,reaction_smoothness_score,,31
pearson,poorVisionProb__max,steering_smoothness_score,0.18340397552643392,31
pearson,poorVisionProb__max,longitudinal_smoothness_score,-0.15611154573954483,31
pearson,poorVisionProb__max,lateral_stability_score,0.0060463384148454905,31
pearson,poorVisionProb__std,reaction_smoothness_score,,31
pearson,poorVisionProb__std,steering_smoothness_score,0.16943150701256204,31
pearson,poorVisionProb__std,longitudinal_smoothness_score,-0.22891137721481133,31
pearson,poorVisionProb__std,lateral_stability_score,0.05143103027471405,31
pearson,faceDetected__mean,reaction_smoothness_score,,31
pearson,faceDetected__mean,steering_smoothness_score,,31
pearson,faceDetected__mean,longitudinal_smoothness_score,,31
pearson,faceDetected__mean,lateral_stability_score,,31
pearson,faceDetected__max,reaction_smoothness_score,,31
pearson,faceDetected__max,steering_smoothness_score,,31
pearson,faceDetected__max,longitudinal_smoothness_score,,31
pearson,faceDetected__max,lateral_stability_score,,31
pearson,faceDetected__std,reaction_smoothness_score,,31
pearson,faceDetected__std,steering_smoothness_score,,31
pearson,faceDetected__std,longitudinal_smoothness_score,,31
pearson,faceDetected__std,lateral_stability_score,,31
pearson,vEgo__mean,reaction_smoothness_score,,31
pearson,vEgo__mean,steering_smoothness_score,-0.4072829898111899,31
pearson,vEgo__mean,longitudinal_smoothness_score,-0.10731154873778588,31
pearson,vEgo__mean,lateral_stability_score,-0.10645784959341427,31
pearson,vEgo__max,reaction_smoothness_score,,31
pearson,vEgo__max,steering_smoothness_score,-0.41162340293922445,31
pearson,vEgo__max,longitudinal_smoothness_score,-0.08467695238110512,31
pearson,vEgo__max,lateral_stability_score,-0.08954536934398788,31
pearson,vEgo__std,reaction_smoothness_score,,31
pearson,vEgo__std,steering_smoothness_score,0.17059920971314377,31
pearson,vEgo__std,longitudinal_smoothness_score,0.24896722324662687,31
pearson,vEgo__std,lateral_stability_score,0.25429342669191807,31
pearson,aEgo__mean,reaction_smoothness_score,,31
pearson,aEgo__mean,steering_smoothness_score,0.348050993851275,31
pearson,aEgo__mean,longitudinal_smoothness_score,0.2331512646620315,31
pearson,aEgo__mean,lateral_stability_score,0.1273804348456011,31
pearson,aEgo__max,reaction_smoothness_score,,31
pearson,aEgo__max,steering_smoothness_score,0.24310425159758367,31
pearson,aEgo__max,longitudinal_smoothness_score,0.2282278475664632,31
pearson,aEgo__max,lateral_stability_score,0.1604906171458621,31
pearson,aEgo__std,reaction_smoothness_score,,31
pearson,aEgo__std,steering_smoothness_score,-0.004234900936194107,31
pearson,aEgo__std,longitudinal_smoothness_score,0.03281991716061591,31
pearson,aEgo__std,lateral_stability_score,0.20919247498270574,31
pearson,vEgoRaw__mean,reaction_smoothness_score,,31
pearson,vEgoRaw__mean,steering_smoothness_score,-0.4074489728349137,31
pearson,vEgoRaw__mean,longitudinal_smoothness_score,-0.10742772533926903,31
pearson,vEgoRaw__mean,lateral_stability_score,-0.10653181357626623,31
pearson,vEgoRaw__max,reaction_smoothness_score,,31
pearson,vEgoRaw__max,steering_smoothness_score,-0.41091221090217883,31
pearson,vEgoRaw__max,longitudinal_smoothness_score,-0.08545073585726287,31
pearson,vEgoRaw__max,lateral_stability_score,-0.09043543186891591,31
pearson,vEgoRaw__std,reaction_smoothness_score,,31
pearson,vEgoRaw__std,steering_smoothness_score,0.17038943550711028,31
pearson,vEgoRaw__std,longitudinal_smoothness_score,0.24828223694757656,31
pearson,vEgoRaw__std,lateral_stability_score,0.2531263413210013,31
pearson,standstill__mean,reaction_smoothness_score,,31
pearson,standstill__mean,steering_smoothness_score,,31
pearson,standstill__mean,longitudinal_smoothness_score,,31
pearson,standstill__mean,lateral_stability_score,,31
pearson,standstill__max,reaction_smoothness_score,,31
pearson,standstill__max,steering_smoothness_score,,31
pearson,standstill__max,longitudinal_smoothness_score,,31
pearson,standstill__max,lateral_stability_score,,31
pearson,standstill__std,reaction_smoothness_score,,31
pearson,standstill__std,steering_smoothness_score,,31
pearson,standstill__std,longitudinal_smoothness_score,,31
pearson,standstill__std,lateral_stability_score,,31
pearson,steeringAngleDeg__mean,reaction_smoothness_score,,31
pearson,steeringAngleDeg__mean,steering_smoothness_score,0.0707226131087429,31
pearson,steeringAngleDeg__mean,longitudinal_smoothness_score,0.06857105701919533,31
pearson,steeringAngleDeg__mean,lateral_stability_score,0.02237183927033777,31
pearson,steeringAngleDeg__max,reaction_smoothness_score,,31
pearson,steeringAngleDeg__max,steering_smoothness_score,-0.20052071834363097,31
pearson,steeringAngleDeg__max,longitudinal_smoothness_score,0.22636640442602693,31
pearson,steeringAngleDeg__max,lateral_stability_score,-0.030468096606721465,31
pearson,steeringAngleDeg__std,reaction_smoothness_score,,31
pearson,steeringAngleDeg__std,steering_smoothness_score,-0.26840597434693264,31
pearson,steeringAngleDeg__std,longitudinal_smoothness_score,0.2785069569283939,31
pearson,steeringAngleDeg__std,lateral_stability_score,-0.04458007057974852,31
pearson,steeringTorque__mean,reaction_smoothness_score,,31
pearson,steeringTorque__mean,steering_smoothness_score,0.029384835787037506,31
pearson,steeringTorque__mean,longitudinal_smoothness_score,0.07000071181557496,31
pearson,steeringTorque__mean,lateral_stability_score,-0.12571944768172547,31
pearson,steeringTorque__max,reaction_smoothness_score,,31
pearson,steeringTorque__max,steering_smoothness_score,-0.08917805051336833,31
pearson,steeringTorque__max,longitudinal_smoothness_score,0.26575773253185203,31
pearson,steeringTorque__max,lateral_stability_score,-0.2592991560541641,31
pearson,steeringTorque__std,reaction_smoothness_score,,31
pearson,steeringTorque__std,steering_smoothness_score,-0.029936261006021855,31
pearson,steeringTorque__std,longitudinal_smoothness_score,0.24470367030436085,31
pearson,steeringTorque__std,lateral_stability_score,-0.26137240157277547,31
pearson,gas__mean,reaction_smoothness_score,,31
pearson,gas__mean,steering_smoothness_score,-0.38642560580790525,31
pearson,gas__mean,longitudinal_smoothness_score,-0.02824459690112724,31
pearson,gas__mean,lateral_stability_score,0.07902661447959196,31
pearson,gas__max,reaction_smoothness_score,,31
pearson,gas__max,steering_smoothness_score,-0.3771913384877149,31
pearson,gas__max,longitudinal_smoothness_score,-0.03702993749962862,31
pearson,gas__max,lateral_stability_score,0.0780557313372634,31
pearson,gas__std,reaction_smoothness_score,,31
pearson,gas__std,steering_smoothness_score,-0.20572796264171525,31
pearson,gas__std,longitudinal_smoothness_score,-0.14690627316349567,31
pearson,gas__std,lateral_stability_score,0.05486318929913151,31
pearson,brake__mean,reaction_smoothness_score,,31
pearson,brake__mean,steering_smoothness_score,0.04736536984140868,31
pearson,brake__mean,longitudinal_smoothness_score,0.11152107117633632,31
pearson,brake__mean,lateral_stability_score,0.01452564553853033,31
pearson,brake__max,reaction_smoothness_score,,31
pearson,brake__max,steering_smoothness_score,0.13933586618592753,31
pearson,brake__max,longitudinal_smoothness_score,-0.17448623924224965,31
pearson,brake__max,lateral_stability_score,0.0341712955839036,31
pearson,brake__std,reaction_smoothness_score,,31
pearson,brake__std,steering_smoothness_score,0.1308046873131239,31
pearson,brake__std,longitudinal_smoothness_score,0.003595606731655553,31
pearson,brake__std,lateral_stability_score,0.04631122252161168,31
pearson,leadOne_dRel__mean,reaction_smoothness_score,,31
pearson,leadOne_dRel__mean,steering_smoothness_score,-0.13694084057233877,31
pearson,leadOne_dRel__mean,longitudinal_smoothness_score,-0.06530358932377779,31
pearson,leadOne_dRel__mean,lateral_stability_score,-0.04161381469672181,31
pearson,leadOne_dRel__max,reaction_smoothness_score,,31
pearson,leadOne_dRel__max,steering_smoothness_score,-0.29948262053223756,31
pearson,leadOne_dRel__max,longitudinal_smoothness_score,-0.10975844557432592,31
pearson,leadOne_dRel__max,lateral_stability_score,-0.028886702547510607,31
pearson,leadOne_dRel__std,reaction_smoothness_score,,31
pearson,leadOne_dRel__std,steering_smoothness_score,-0.48218741986384595,31
pearson,leadOne_dRel__std,longitudinal_smoothness_score,0.041164599334455446,31
pearson,leadOne_dRel__std,lateral_stability_score,0.09633158814618373,31
pearson,leadOne_vRel__mean,reaction_smoothness_score,,31
pearson,leadOne_vRel__mean,steering_smoothness_score,0.02942239698614448,31
pearson,leadOne_vRel__mean,longitudinal_smoothness_score,0.001178536710235239,31
pearson,leadOne_vRel__mean,lateral_stability_score,-0.03068757435500394,31
pearson,leadOne_vRel__max,reaction_smoothness_score,,31
pearson,leadOne_vRel__max,steering_smoothness_score,0.03508609639313442,31
pearson,leadOne_vRel__max,longitudinal_smoothness_score,-0.06753588569099696,31
pearson,leadOne_vRel__max,lateral_stability_score,0.07026132689554304,31
pearson,leadOne_vRel__std,reaction_smoothness_score,,31
pearson,leadOne_vRel__std,steering_smoothness_score,-0.059501339634771236,31
pearson,leadOne_vRel__std,longitudinal_smoothness_score,-0.026529376138344506,31
pearson,leadOne_vRel__std,lateral_stability_score,0.15098213080575335,31
pearson,leadOne_aRel__mean,reaction_smoothness_score,,31
pearson,leadOne_aRel__mean,steering_smoothness_score,,31
pearson,leadOne_aRel__mean,longitudinal_smoothness_score,,31
pearson,leadOne_aRel__mean,lateral_stability_score,,31
pearson,leadOne_aRel__max,reaction_smoothness_score,,31
pearson,leadOne_aRel__max,steering_smoothness_score,,31
pearson,leadOne_aRel__max,longitudinal_smoothness_score,,31
pearson,leadOne_aRel__max,lateral_stability_score,,31
pearson,leadOne_aRel__std,reaction_smoothness_score,,31
pearson,leadOne_aRel__std,steering_smoothness_score,,31
pearson,leadOne_aRel__std,longitudinal_smoothness_score,,31
pearson,leadOne_aRel__std,lateral_stability_score,,31
pearson,leadOne_yRel__mean,reaction_smoothness_score,,31
pearson,leadOne_yRel__mean,steering_smoothness_score,-0.04475390943504882,31
pearson,leadOne_yRel__mean,longitudinal_smoothness_score,-0.1924232713115241,31
pearson,leadOne_yRel__mean,lateral_stability_score,0.0069950441888001124,31
pearson,leadOne_yRel__max,reaction_smoothness_score,,31
pearson,leadOne_yRel__max,steering_smoothness_score,-0.07400275487461644,31
pearson,leadOne_yRel__max,longitudinal_smoothness_score,-0.19968630867399625,31
pearson,leadOne_yRel__max,lateral_stability_score,-0.002462427349534416,31
pearson,leadOne_yRel__std,reaction_smoothness_score,,31
pearson,leadOne_yRel__std,steering_smoothness_score,0.0527928193732116,31
pearson,leadOne_yRel__std,longitudinal_smoothness_score,-0.10171855026988348,31
pearson,leadOne_yRel__std,lateral_stability_score,0.0653512173281368,31
pearson,leadTwo_dRel__mean,reaction_smoothness_score,,31
pearson,leadTwo_dRel__mean,steering_smoothness_score,-0.14583004428024365,31
pearson,leadTwo_dRel__mean,longitudinal_smoothness_score,-0.07397550019677865,31
pearson,leadTwo_dRel__mean,lateral_stability_score,-0.03638289211614591,31
pearson,leadTwo_dRel__max,reaction_smoothness_score,,31
pearson,leadTwo_dRel__max,steering_smoothness_score,-0.2861891042660045,31
pearson,leadTwo_dRel__max,longitudinal_smoothness_score,-0.12398837698761266,31
pearson,leadTwo_dRel__max,lateral_stability_score,-0.007669631452723549,31
pearson,leadTwo_dRel__std,reaction_smoothness_score,,31
pearson,leadTwo_dRel__std,steering_smoothness_score,-0.4521734019482381,31
pearson,leadTwo_dRel__std,longitudinal_smoothness_score,0.0049966862107554836,31
pearson,leadTwo_dRel__std,lateral_stability_score,0.11946274337172014,31
pearson,leadTwo_vRel__mean,reaction_smoothness_score,,31
pearson,leadTwo_vRel__mean,steering_smoothness_score,0.027179636637635906,31
pearson,leadTwo_vRel__mean,longitudinal_smoothness_score,-0.02159722819948443,31
pearson,leadTwo_vRel__mean,lateral_stability_score,-0.012408797092388289,31
pearson,leadTwo_vRel__max,reaction_smoothness_score,,31
pearson,leadTwo_vRel__max,steering_smoothness_score,0.017531627744414798,31
pearson,leadTwo_vRel__max,longitudinal_smoothness_score,-0.1063737294401636,31
pearson,leadTwo_vRel__max,lateral_stability_score,0.10378047640042652,31
pearson,leadTwo_vRel__std,reaction_smoothness_score,,31
pearson,leadTwo_vRel__std,steering_smoothness_score,-0.05434352552940227,31
pearson,leadTwo_vRel__std,longitudinal_smoothness_score,-0.05961202200106929,31
pearson,leadTwo_vRel__std,lateral_stability_score,0.16858896998812342,31
pearson,leadTwo_aRel__mean,reaction_smoothness_score,,31
pearson,leadTwo_aRel__mean,steering_smoothness_score,,31
pearson,leadTwo_aRel__mean,longitudinal_smoothness_score,,31
pearson,leadTwo_aRel__mean,lateral_stability_score,,31
pearson,leadTwo_aRel__max,reaction_smoothness_score,,31
pearson,leadTwo_aRel__max,steering_smoothness_score,,31
pearson,leadTwo_aRel__max,longitudinal_smoothness_score,,31
pearson,leadTwo_aRel__max,lateral_stability_score,,31
pearson,leadTwo_aRel__std,reaction_smoothness_score,,31
pearson,leadTwo_aRel__std,steering_smoothness_score,,31
pearson,leadTwo_aRel__std,longitudinal_smoothness_score,,31
pearson,leadTwo_aRel__std,lateral_stability_score,,31
pearson,leadTwo_yRel__mean,reaction_smoothness_score,,31
pearson,leadTwo_yRel__mean,steering_smoothness_score,-0.04880738501592449,31
pearson,leadTwo_yRel__mean,longitudinal_smoothness_score,-0.19810728793750298,31
pearson,leadTwo_yRel__mean,lateral_stability_score,0.008970684595305641,31
pearson,leadTwo_yRel__max,reaction_smoothness_score,,31
pearson,leadTwo_yRel__max,steering_smoothness_score,-0.08404449716269119,31
pearson,leadTwo_yRel__max,longitudinal_smoothness_score,-0.20638432252591601,31
pearson,leadTwo_yRel__max,lateral_stability_score,-0.0038820697996644086,31
pearson,leadTwo_yRel__std,reaction_smoothness_score,,31
pearson,leadTwo_yRel__std,steering_smoothness_score,0.04225986503602855,31
pearson,leadTwo_yRel__std,longitudinal_smoothness_score,-0.103655250354467,31
pearson,leadTwo_yRel__std,lateral_stability_score,0.05737925883109128,31
pearson,model_desiredCurvature__mean,reaction_smoothness_score,,25
pearson,model_desiredCurvature__mean,steering_smoothness_score,-0.05904948097703333,25
pearson,model_desiredCurvature__mean,longitudinal_smoothness_score,-0.04994652139257767,25
pearson,model_desiredCurvature__mean,lateral_stability_score,0.02530849297577531,25
pearson,model_desiredCurvature__max,reaction_smoothness_score,,25
pearson,model_desiredCurvature__max,steering_smoothness_score,-0.350240125054585,25
pearson,model_desiredCurvature__max,longitudinal_smoothness_score,0.08712529157566738,25
pearson,model_desiredCurvature__max,lateral_stability_score,-0.024765221547064394,25
pearson,model_desiredCurvature__std,reaction_smoothness_score,,25
pearson,model_desiredCurvature__std,steering_smoothness_score,-0.7397700443944131,25
pearson,model_desiredCurvature__std,longitudinal_smoothness_score,0.24500260068976618,25
pearson,model_desiredCurvature__std,lateral_stability_score,-0.10399047751719029,25
pearson,laneLeft_prob__mean,reaction_smoothness_score,,25
pearson,laneLeft_prob__mean,steering_smoothness_score,-0.07925001369377957,25
pearson,laneLeft_prob__mean,longitudinal_smoothness_score,-0.02621771474839117,25
pearson,laneLeft_prob__mean,lateral_stability_score,-0.014837650303723289,25
pearson,laneLeft_prob__max,reaction_smoothness_score,,25
pearson,laneLeft_prob__max,steering_smoothness_score,0.015970507039981506,25
pearson,laneLeft_prob__max,longitudinal_smoothness_score,-0.06600644074613018,25
pearson,laneLeft_prob__max,lateral_stability_score,0.0014083033274364097,25
pearson,laneLeft_prob__std,reaction_smoothness_score,,25
pearson,laneLeft_prob__std,steering_smoothness_score,0.24551711174566307,25
pearson,laneLeft_prob__std,longitudinal_smoothness_score,0.030514862983807477,25
pearson,laneLeft_prob__std,lateral_stability_score,0.10770918575481032,25
pearson,laneRight_prob__mean,reaction_smoothness_score,,25
pearson,laneRight_prob__mean,steering_smoothness_score,-0.14550708269724227,25
pearson,laneRight_prob__mean,longitudinal_smoothness_score,-0.28814966636392103,25
pearson,laneRight_prob__mean,lateral_stability_score,-0.28146877315176944,25
pearson,laneRight_prob__max,reaction_smoothness_score,,25
pearson,laneRight_prob__max,steering_smoothness_score,-0.09302163387047568,25
pearson,laneRight_prob__max,longitudinal_smoothness_score,-0.1679906072758527,25
pearson,laneRight_prob__max,lateral_stability_score,-0.12480575302596462,25
pearson,laneRight_prob__std,reaction_smoothness_score,,25
pearson,laneRight_prob__std,steering_smoothness_score,0.040473268203887525,25
pearson,laneRight_prob__std,longitudinal_smoothness_score,0.30001852161212356,25
pearson,laneRight_prob__std,lateral_stability_score,0.2706129524219954,25
pearson,laneLeft_y__mean,reaction_smoothness_score,,25
pearson,laneLeft_y__mean,steering_smoothness_score,-0.07929620192607012,25
pearson,laneLeft_y__mean,longitudinal_smoothness_score,0.08130391390621378,25
pearson,laneLeft_y__mean,lateral_stability_score,-0.14754386636086017,25
pearson,laneLeft_y__max,reaction_smoothness_score,,25
pearson,laneLeft_y__max,steering_smoothness_score,-0.4172894175420208,25
pearson,laneLeft_y__max,longitudinal_smoothness_score,0.30162575840889905,25
pearson,laneLeft_y__max,lateral_stability_score,-0.1626907971728667,25
pearson,laneLeft_y__std,reaction_smoothness_score,,25
pearson,laneLeft_y__std,steering_smoothness_score,-0.26736221895983103,25
pearson,laneLeft_y__std,longitudinal_smoothness_score,0.2175183436210676,25
pearson,laneLeft_y__std,lateral_stability_score,0.05207539667206565,25
pearson,laneRight_y__mean,reaction_smoothness_score,,25
pearson,laneRight_y__mean,steering_smoothness_score,0.15973893723556987,25
pearson,laneRight_y__mean,longitudinal_smoothness_score,-0.05716661677898506,25
pearson,laneRight_y__mean,lateral_stability_score,-0.059528117495503075,25
pearson,laneRight_y__max,reaction_smoothness_score,,25
pearson,laneRight_y__max,steering_smoothness_score,-0.011429199113423489,25
pearson,laneRight_y__max,longitudinal_smoothness_score,0.21735721659459784,25
pearson,laneRight_y__max,lateral_stability_score,0.08926371448774291,25
pearson,laneRight_y__std,reaction_smoothness_score,,25
pearson,laneRight_y__std,steering_smoothness_score,-0.19031452535780954,25
pearson,laneRight_y__std,longitudinal_smoothness_score,0.26651594435394793,25
pearson,laneRight_y__std,lateral_stability_score,0.06953926391381379,25
pearson,hasLead__mean,reaction_smoothness_score,,31
pearson,hasLead__mean,steering_smoothness_score,0.09474550194483662,31
pearson,hasLead__mean,longitudinal_smoothness_score,-0.1294311990019015,31
pearson,hasLead__mean,lateral_stability_score,0.08735954794917211,31
pearson,hasLead__max,reaction_smoothness_score,,31
pearson,hasLead__max,steering_smoothness_score,-0.008249218253420456,31
pearson,hasLead__max,longitudinal_smoothness_score,-0.11080360907285798,31
pearson,hasLead__max,lateral_stability_score,0.10500095446670105,31
pearson,hasLead__std,reaction_smoothness_score,,31
pearson,hasLead__std,steering_smoothness_score,-0.4581355095771036,31
pearson,hasLead__std,longitudinal_smoothness_score,0.13557482792085918,31
pearson,hasLead__std,lateral_stability_score,0.08652535059528532,31
pearson,shouldStop__mean,reaction_smoothness_score,,31
pearson,shouldStop__mean,steering_smoothness_score,,31
pearson,shouldStop__mean,longitudinal_smoothness_score,,31
pearson,shouldStop__mean,lateral_stability_score,,31
pearson,shouldStop__max,reaction_smoothness_score,,31
pearson,shouldStop__max,steering_smoothness_score,,31
pearson,shouldStop__max,longitudinal_smoothness_score,,31
pearson,shouldStop__max,lateral_stability_score,,31
pearson,shouldStop__std,reaction_smoothness_score,,31
pearson,shouldStop__std,steering_smoothness_score,,31
pearson,shouldStop__std,longitudinal_smoothness_score,,31
pearson,shouldStop__std,lateral_stability_score,,31
pearson,fcw__mean,reaction_smoothness_score,,31
pearson,fcw__mean,steering_smoothness_score,,31
pearson,fcw__mean,longitudinal_smoothness_score,,31
pearson,fcw__mean,lateral_stability_score,,31
pearson,fcw__max,reaction_smoothness_score,,31
pearson,fcw__max,steering_smoothness_score,,31
pearson,fcw__max,longitudinal_smoothness_score,,31
pearson,fcw__max,lateral_stability_score,,31
pearson,fcw__std,reaction_smoothness_score,,31
pearson,fcw__std,steering_smoothness_score,,31
pearson,fcw__std,longitudinal_smoothness_score,,31
pearson,fcw__std,lateral_stability_score,,31
pearson,accel_x__mean,reaction_smoothness_score,,31
pearson,accel_x__mean,steering_smoothness_score,-0.4034563511011452,31
pearson,accel_x__mean,longitudinal_smoothness_score,-0.03321367457079535,31
pearson,accel_x__mean,lateral_stability_score,0.08508564180749494,31
pearson,accel_x__max,reaction_smoothness_score,,31
pearson,accel_x__max,steering_smoothness_score,-0.2679968545430048,31
pearson,accel_x__max,longitudinal_smoothness_score,0.024521851617546414,31
pearson,accel_x__max,lateral_stability_score,-0.2811144653640571,31
pearson,accel_x__std,reaction_smoothness_score,,31
pearson,accel_x__std,steering_smoothness_score,-0.3016895568759084,31
pearson,accel_x__std,longitudinal_smoothness_score,-0.07766630079807844,31
pearson,accel_x__std,lateral_stability_score,-0.42499443836563827,31
pearson,accel_y__mean,reaction_smoothness_score,,31
pearson,accel_y__mean,steering_smoothness_score,0.1528255491943285,31
pearson,accel_y__mean,longitudinal_smoothness_score,0.10536992253856645,31
pearson,accel_y__mean,lateral_stability_score,0.06028643226051293,31
pearson,accel_y__max,reaction_smoothness_score,,31
pearson,accel_y__max,steering_smoothness_score,-0.0839852042665102,31
pearson,accel_y__max,longitudinal_smoothness_score,-0.008140865161717147,31
pearson,accel_y__max,lateral_stability_score,-0.13259365699376582,31
pearson,accel_y__std,reaction_smoothness_score,,31
pearson,accel_y__std,steering_smoothness_score,-0.37578586374058864,31
pearson,accel_y__std,longitudinal_smoothness_score,0.054386752100785606,31
pearson,accel_y__std,lateral_stability_score,-0.2104483366398965,31
pearson,accel_z__mean,reaction_smoothness_score,,31
pearson,accel_z__mean,steering_smoothness_score,-0.12614081879780262,31
pearson,accel_z__mean,longitudinal_smoothness_score,-0.16653441410842829,31
pearson,accel_z__mean,lateral_stability_score,-0.10862123227551819,31
pearson,accel_z__max,reaction_smoothness_score,,31
pearson,accel_z__max,steering_smoothness_score,-0.1850363248879146,31
pearson,accel_z__max,longitudinal_smoothness_score,-0.3457044536870597,31
pearson,accel_z__max,lateral_stability_score,-0.2427756546833846,31
pearson,accel_z__std,reaction_smoothness_score,,31
pearson,accel_z__std,steering_smoothness_score,0.014468749144640464,31
pearson,accel_z__std,longitudinal_smoothness_score,-0.06669999098582259,31
pearson,accel_z__std,lateral_stability_score,0.047285217300553094,31
pearson,gyro_x__mean,reaction_smoothness_score,,31
pearson,gyro_x__mean,steering_smoothness_score,-0.3038817883248426,31
pearson,gyro_x__mean,longitudinal_smoothness_score,-0.12275195703417939,31
pearson,gyro_x__mean,lateral_stability_score,0.0729471306585788,31
pearson,gyro_x__max,reaction_smoothness_score,,31
pearson,gyro_x__max,steering_smoothness_score,-0.44850632100799603,31
pearson,gyro_x__max,longitudinal_smoothness_score,-0.02789067876390315,31
pearson,gyro_x__max,lateral_stability_score,0.04709807632275571,31
pearson,gyro_x__std,reaction_smoothness_score,,31
pearson,gyro_x__std,steering_smoothness_score,-0.3656914163227975,31
pearson,gyro_x__std,longitudinal_smoothness_score,0.260246008749837,31
pearson,gyro_x__std,lateral_stability_score,-0.0900453743394019,31
pearson,gyro_y__mean,reaction_smoothness_score,,31
pearson,gyro_y__mean,steering_smoothness_score,0.4712062657575913,31
pearson,gyro_y__mean,longitudinal_smoothness_score,0.14371285795579472,31
pearson,gyro_y__mean,lateral_stability_score,-0.06276427827245733,31
pearson,gyro_y__max,reaction_smoothness_score,,31
pearson,gyro_y__max,steering_smoothness_score,0.16466670788512872,31
pearson,gyro_y__max,longitudinal_smoothness_score,-0.10651576496765458,31
pearson,gyro_y__max,lateral_stability_score,-0.39310397154950627,31
pearson,gyro_y__std,reaction_smoothness_score,,31
pearson,gyro_y__std,steering_smoothness_score,-0.03689724833481267,31
pearson,gyro_y__std,longitudinal_smoothness_score,0.021779394510569122,31
pearson,gyro_y__std,lateral_stability_score,-0.2628510143383427,31
pearson,gyro_z__mean,reaction_smoothness_score,,31
pearson,gyro_z__mean,steering_smoothness_score,-0.5028454002003605,31
pearson,gyro_z__mean,longitudinal_smoothness_score,-0.1267231211200778,31
pearson,gyro_z__mean,lateral_stability_score,0.03020349638688773,31
pearson,gyro_z__max,reaction_smoothness_score,,31
pearson,gyro_z__max,steering_smoothness_score,-0.2478965826923192,31
pearson,gyro_z__max,longitudinal_smoothness_score,-0.014405150803040289,31
pearson,gyro_z__max,lateral_stability_score,-0.2367657507717761,31
pearson,gyro_z__std,reaction_smoothness_score,,31
pearson,gyro_z__std,steering_smoothness_score,-0.22210563031615518,31
pearson,gyro_z__std,longitudinal_smoothness_score,0.05444979597989024,31
pearson,gyro_z__std,lateral_stability_score,-0.3181619679921,31
spearman,readyProb_0__mean,reaction_smoothness_score,,31
spearman,readyProb_0__mean,steering_smoothness_score,-0.15619723605588637,31
spearman,readyProb_0__mean,longitudinal_smoothness_score,0.15538792395196988,31
spearman,readyProb_0__mean,lateral_stability_score,0.144462210549097,31
spearman,readyProb_0__max,reaction_smoothness_score,,31
spearman,readyProb_0__max,steering_smoothness_score,-0.15983914052351067,31
spearman,readyProb_0__max,longitudinal_smoothness_score,0.1084478219248123,31
spearman,readyProb_0__max,lateral_stability_score,0.0878103632749413,31
spearman,readyProb_0__std,reaction_smoothness_score,,31
spearman,readyProb_0__std,steering_smoothness_score,0.3249388097224786,31
spearman,readyProb_0__std,longitudinal_smoothness_score,0.25655193694153355,31
spearman,readyProb_0__std,lateral_stability_score,0.12827596847076678,31
spearman,readyProb_1__mean,reaction_smoothness_score,,31
spearman,readyProb_1__mean,steering_smoothness_score,0.2177049559535411,31
spearman,readyProb_1__mean,longitudinal_smoothness_score,0.09388020405431513,31
spearman,readyProb_1__mean,lateral_stability_score,0.16348104499113494,31
spearman,readyProb_1__max,reaction_smoothness_score,,31
spearman,readyProb_1__max,steering_smoothness_score,0.22417945278487317,31
spearman,readyProb_1__max,longitudinal_smoothness_score,0.08254983459948399,31
spearman,readyProb_1__max,lateral_stability_score,0.15012739527651253,31
spearman,readyProb_1__std,reaction_smoothness_score,,31
spearman,readyProb_1__std,steering_smoothness_score,0.19949543361541963,31
spearman,readyProb_1__std,longitudinal_smoothness_score,0.24077035091516164,31
spearman,readyProb_1__std,lateral_stability_score,0.025088675221411796,31
spearman,readyProb_2__mean,reaction_smoothness_score,,31
spearman,readyProb_2__mean,steering_smoothness_score,0.05988909568982172,31
spearman,readyProb_2__mean,longitudinal_smoothness_score,0.16348104499113494,31
spearman,readyProb_2__mean,lateral_stability_score,-0.16186242078330193,31
spearman,readyProb_2__max,reaction_smoothness_score,,31
spearman,readyProb_2__max,steering_smoothness_score,0.0420842294036585,31
spearman,readyProb_2__max,longitudinal_smoothness_score,0.22660738909662273,31
spearman,readyProb_2__max,lateral_stability_score,-0.10804316587285405,31
spearman,readyProb_2__std,reaction_smoothness_score,,31
spearman,readyProb_2__std,steering_smoothness_score,0.01497227392245543,31
spearman,readyProb_2__std,longitudinal_smoothness_score,0.1594344844715524,31
spearman,readyProb_2__std,lateral_stability_score,-0.08740570722298305,31
spearman,readyProb_3__mean,reaction_smoothness_score,,31
spearman,readyProb_3__mean,steering_smoothness_score,0.13110856083447459,31
spearman,readyProb_3__mean,longitudinal_smoothness_score,0.11249438244439483,31
spearman,readyProb_3__mean,lateral_stability_score,-0.060698407793738224,31
spearman,readyProb_3__max,reaction_smoothness_score,,31
spearman,readyProb_3__max,steering_smoothness_score,0.15255533158826207,31
spearman,readyProb_3__max,longitudinal_smoothness_score,0.15700654815980286,31
spearman,readyProb_3__max,lateral_stability_score,-0.07688464987206842,31
spearman,readyProb_3__std,reaction_smoothness_score,,31
spearman,readyProb_3__std,steering_smoothness_score,0.1359644334579736,31
spearman,readyProb_3__std,longitudinal_smoothness_score,0.20637458649870996,31
spearman,readyProb_3__std,lateral_stability_score,-0.036419044676242934,31
spearman,notReadyProb_0__mean,reaction_smoothness_score,,31
spearman,notReadyProb_0__mean,steering_smoothness_score,0.2512096774193549,31
spearman,notReadyProb_0__mean,longitudinal_smoothness_score,-0.05524193548387097,31
spearman,notReadyProb_0__mean,lateral_stability_score,0.32943548387096777,31
spearman,notReadyProb_0__max,reaction_smoothness_score,,31
spearman,notReadyProb_0__max,steering_smoothness_score,0.28790322580645167,31
spearman,notReadyProb_0__max,longitudinal_smoothness_score,-0.09516129032258065,31
spearman,notReadyProb_0__max,lateral_stability_score,0.33790322580645166,31
spearman,notReadyProb_0__std,reaction_smoothness_score,,31
spearman,notReadyProb_0__std,steering_smoothness_score,0.19798387096774195,31
spearman,notReadyProb_0__std,longitudinal_smoothness_score,-0.09072580645161292,31
spearman,notReadyProb_0__std,lateral_stability_score,0.30685483870967745,31
spearman,notReadyProb_1__mean,reaction_smoothness_score,,31
spearman,notReadyProb_1__mean,steering_smoothness_score,0.2719288669159472,31
spearman,notReadyProb_1__mean,longitudinal_smoothness_score,0.3152270644754805,31
spearman,notReadyProb_1__mean,lateral_stability_score,0.09307089195039862,31
spearman,notReadyProb_1__max,reaction_smoothness_score,,31
spearman,notReadyProb_1__max,steering_smoothness_score,0.2662636821885317,31
spearman,notReadyProb_1__max,longitudinal_smoothness_score,0.3257481218263951,31
spearman,notReadyProb_1__max,lateral_stability_score,0.09873607667781417,31
spearman,notReadyProb_1__std,reaction_smoothness_score,,31
spearman,notReadyProb_1__std,steering_smoothness_score,0.26100315351307435,31
spearman,notReadyProb_1__std,longitudinal_smoothness_score,0.19423490493996234,31
spearman,notReadyProb_1__std,lateral_stability_score,0.13839236976972316,31
spearman,awarenessStatus__mean,reaction_smoothness_score,,31
spearman,awarenessStatus__mean,steering_smoothness_score,0.20412414523193156,31
spearman,awarenessStatus__mean,longitudinal_smoothness_score,0.14288690166235207,31
spearman,awarenessStatus__mean,lateral_stability_score,0.12247448713915891,31
spearman,awarenessStatus__max,reaction_smoothness_score,,31
spearman,awarenessStatus__max,steering_smoothness_score,,31
spearman,awarenessStatus__max,longitudinal_smoothness_score,,31
spearman,awarenessStatus__max,lateral_stability_score,,31
spearman,awarenessStatus__std,reaction_smoothness_score,,31
spearman,awarenessStatus__std,steering_smoothness_score,-0.20412414523193156,31
spearman,awarenessStatus__std,longitudinal_smoothness_score,-0.14288690166235207,31
spearman,awarenessStatus__std,lateral_stability_score,-0.12247448713915891,31
spearman,isDistracted__mean,reaction_smoothness_score,,31
spearman,isDistracted__mean,steering_smoothness_score,-0.20412414523193156,31
spearman,isDistracted__mean,longitudinal_smoothness_score,-0.14288690166235207,31
spearman,isDistracted__mean,lateral_stability_score,-0.12247448713915891,31
spearman,isDistracted__max,reaction_smoothness_score,,31
spearman,isDistracted__max,steering_smoothness_score,-0.20412414523193156,31
spearman,isDistracted__max,longitudinal_smoothness_score,-0.14288690166235207,31
spearman,isDistracted__max,lateral_stability_score,-0.12247448713915891,31
spearman,isDistracted__std,reaction_smoothness_score,,31
spearman,isDistracted__std,steering_smoothness_score,-0.20412414523193156,31
spearman,isDistracted__std,longitudinal_smoothness_score,-0.14288690166235207,31
spearman,isDistracted__std,lateral_stability_score,-0.12247448713915891,31
spearman,distractedType__mean,reaction_smoothness_score,,31
spearman,distractedType__mean,steering_smoothness_score,-0.20412414523193156,31
spearman,distractedType__mean,longitudinal_smoothness_score,-0.14288690166235207,31
spearman,distractedType__mean,lateral_stability_score,-0.12247448713915891,31
spearman,distractedType__max,reaction_smoothness_score,,31
spearman,distractedType__max,steering_smoothness_score,-0.20412414523193156,31
spearman,distractedType__max,longitudinal_smoothness_score,-0.14288690166235207,31
spearman,distractedType__max,lateral_stability_score,-0.12247448713915891,31
spearman,distractedType__std,reaction_smoothness_score,,31
spearman,distractedType__std,steering_smoothness_score,-0.20412414523193156,31
spearman,distractedType__std,longitudinal_smoothness_score,-0.14288690166235207,31
spearman,distractedType__std,lateral_stability_score,-0.12247448713915891,31
spearman,occludedProb__mean,reaction_smoothness_score,,31
spearman,occludedProb__mean,steering_smoothness_score,-0.15167407446219733,31
spearman,occludedProb__mean,longitudinal_smoothness_score,-0.07180315227199767,31
spearman,occludedProb__mean,lateral_stability_score,-0.029447360201437244,31
spearman,occludedProb__max,reaction_smoothness_score,,31
spearman,occludedProb__max,steering_smoothness_score,-0.2557685925104095,31
spearman,occludedProb__max,longitudinal_smoothness_score,-0.11837391346407403,31
spearman,occludedProb__max,lateral_stability_score,-0.11594573062378534,31
spearman,occludedProb__std,reaction_smoothness_score,,31
spearman,occludedProb__std,steering_smoothness_score,-0.1597418443803993,31
spearman,occludedProb__std,longitudinal_smoothness_score,-0.14320291604808524,31
spearman,occludedProb__std,lateral_stability_score,-0.13594192312170345,31
spearman,poorVisionProb__mean,reaction_smoothness_score,,31
spearman,poorVisionProb__mean,steering_smoothness_score,-0.12544337610705902,31
spearman,poorVisionProb__mean,longitudinal_smoothness_score,-0.014567617870497174,31
spearman,poorVisionProb__mean,lateral_stability_score,-0.1829045354851312,31
spearman,poorVisionProb__max,reaction_smoothness_score,,31
spearman,poorVisionProb__max,steering_smoothness_score,0.0,31
spearman,poorVisionProb__max,longitudinal_smoothness_score,0.04896338228694883,31
spearman,poorVisionProb__max,lateral_stability_score,-0.1610531086793854,31
spearman,poorVisionProb__std,reaction_smoothness_score,,31
spearman,poorVisionProb__std,steering_smoothness_score,0.15538792395196988,31
spearman,poorVisionProb__std,longitudinal_smoothness_score,0.12422940795118423,31
spearman,poorVisionProb__std,lateral_stability_score,-0.05988909568982172,31
spearman,faceDetected__mean,reaction_smoothness_score,,31
spearman,faceDetected__mean,steering_smoothness_score,,31
spearman,faceDetected__mean,longitudinal_smoothness_score,,31
spearman,faceDetected__mean,lateral_stability_score,,31
spearman,faceDetected__max,reaction_smoothness_score,,31
spearman,faceDetected__max,steering_smoothness_score,,31
spearman,faceDetected__max,longitudinal_smoothness_score,,31
spearman,faceDetected__max,lateral_stability_score,,31
spearman,faceDetected__std,reaction_smoothness_score,,31
spearman,faceDetected__std,steering_smoothness_score,,31
spearman,faceDetected__std,longitudinal_smoothness_score,,31
spearman,faceDetected__std,lateral_stability_score,,31
spearman,vEgo__mean,reaction_smoothness_score,,31
spearman,vEgo__mean,steering_smoothness_score,-0.25000000000000006,31
spearman,vEgo__mean,longitudinal_smoothness_score,-0.10080645161290325,31
spearman,vEgo__mean,lateral_stability_score,-0.18225806451612905,31
spearman,vEgo__max,reaction_smoothness_score,,31
spearman,vEgo__max,steering_smoothness_score,-0.23104838709677425,31
spearman,vEgo__max,longitudinal_smoothness_score,-0.06008064516129033,31
spearman,vEgo__max,lateral_stability_score,-0.1806451612903226,31
spearman,vEgo__std,reaction_smoothness_score,,31
spearman,vEgo__std,steering_smoothness_score,0.001209677419354839,31
spearman,vEgo__std,longitudinal_smoothness_score,0.33870967741935487,31
spearman,vEgo__std,lateral_stability_score,0.18870967741935485,31
spearman,aEgo__mean,reaction_smoothness_score,,31
spearman,aEgo__mean,steering_smoothness_score,0.4483870967741935,31
spearman,aEgo__mean,longitudinal_smoothness_score,0.21975806451612906,31
spearman,aEgo__mean,lateral_stability_score,0.38911290322580644,31
spearman,aEgo__max,reaction_smoothness_score,,31
spearman,aEgo__max,steering_smoothness_score,0.11814516129032258,31
spearman,aEgo__max,longitudinal_smoothness_score,0.15967741935483873,31
spearman,aEgo__max,lateral_stability_score,0.09556451612903226,31
spearman,aEgo__std,reaction_smoothness_score,,31
spearman,aEgo__std,steering_smoothness_score,-0.2024193548387097,31
spearman,aEgo__std,longitudinal_smoothness_score,0.09233870967741936,31
spearman,aEgo__std,lateral_stability_score,0.07862903225806453,31
spearman,vEgoRaw__mean,reaction_smoothness_score,,31
spearman,vEgoRaw__mean,steering_smoothness_score,-0.25000000000000006,31
spearman,vEgoRaw__mean,longitudinal_smoothness_score,-0.10080645161290325,31
spearman,vEgoRaw__mean,lateral_stability_score,-0.18225806451612905,31
spearman,vEgoRaw__max,reaction_smoothness_score,,31
spearman,vEgoRaw__max,steering_smoothness_score,-0.23104838709677425,31
spearman,vEgoRaw__max,longitudinal_smoothness_score,-0.06008064516129033,31
spearman,vEgoRaw__max,lateral_stability_score,-0.1806451612903226,31
spearman,vEgoRaw__std,reaction_smoothness_score,,31
spearman,vEgoRaw__std,steering_smoothness_score,-0.005241935483870968,31
spearman,vEgoRaw__std,longitudinal_smoothness_score,0.3423387096774194,31
spearman,vEgoRaw__std,lateral_stability_score,0.18709677419354842,31
spearman,standstill__mean,reaction_smoothness_score,,31
spearman,standstill__mean,steering_smoothness_score,,31
spearman,standstill__mean,longitudinal_smoothness_score,,31
spearman,standstill__mean,lateral_stability_score,,31
spearman,standstill__max,reaction_smoothness_score,,31
spearman,standstill__max,steering_smoothness_score,,31
spearman,standstill__max,longitudinal_smoothness_score,,31
spearman,standstill__max,lateral_stability_score,,31
spearman,standstill__std,reaction_smoothness_score,,31
spearman,standstill__std,steering_smoothness_score,,31
spearman,standstill__std,longitudinal_smoothness_score,,31
spearman,standstill__std,lateral_stability_score,,31
spearman,steeringAngleDeg__mean,reaction_smoothness_score,,31
spearman,steeringAngleDeg__mean,steering_smoothness_score,-0.22903225806451613,31
spearman,steeringAngleDeg__mean,longitudinal_smoothness_score,0.10524193548387097,31
spearman,steeringAngleDeg__mean,lateral_stability_score,-0.32620967741935486,31
spearman,steeringAngleDeg__max,reaction_smoothness_score,,31
spearman,steeringAngleDeg__max,steering_smoothness_score,-0.15507159016643865,31
spearman,steeringAngleDeg__max,longitudinal_smoothness_score,-0.005646299771989965,31
spearman,steeringAngleDeg__max,lateral_stability_score,-0.2744504996313693,31
spearman,steeringAngleDeg__std,reaction_smoothness_score,,31
spearman,steeringAngleDeg__std,steering_smoothness_score,-0.11572580645161293,31
spearman,steeringAngleDeg__std,longitudinal_smoothness_score,0.13225806451612906,31
spearman,steeringAngleDeg__std,lateral_stability_score,-0.2717741935483871,31
spearman,steeringTorque__mean,reaction_smoothness_score,,31
spearman,steeringTorque__mean,steering_smoothness_score,-0.07943548387096776,31
spearman,steeringTorque__mean,longitudinal_smoothness_score,-0.037500000000000006,31
spearman,steeringTorque__mean,lateral_stability_score,-0.44112903225806455,31
spearman,steeringTorque__max,reaction_smoothness_score,,31
spearman,steeringTorque__max,steering_smoothness_score,0.07862903225806453,31
spearman,steeringTorque__max,longitudinal_smoothness_score,0.2725806451612903,31
spearman,steeringTorque__max,lateral_stability_score,-0.25967741935483873,31
spearman,steeringTorque__std,reaction_smoothness_score,,31
spearman,steeringTorque__std,steering_smoothness_score,0.014919354838709679,31
spearman,steeringTorque__std,longitudinal_smoothness_score,0.18185483870967745,31
spearman,steeringTorque__std,lateral_stability_score,-0.32217741935483873,31
spearman,gas__mean,reaction_smoothness_score,,31
spearman,gas__mean,steering_smoothness_score,-0.2972333599226306,31
spearman,gas__mean,longitudinal_smoothness_score,-0.05206316813931427,31
spearman,gas__mean,lateral_stability_score,-0.055849580367628035,31
spearman,gas__max,reaction_smoothness_score,,31
spearman,gas__max,steering_smoothness_score,-0.2972333599226306,31
spearman,gas__max,longitudinal_smoothness_score,-0.05206316813931427,31
spearman,gas__max,lateral_stability_score,-0.055849580367628035,31
spearman,gas__std,reaction_smoothness_score,,31
spearman,gas__std,steering_smoothness_score,-0.28966053546600307,31
spearman,gas__std,longitudinal_smoothness_score,-0.06531561093841246,31
spearman,gas__std,lateral_stability_score,-0.06152919871009868,31
spearman,brake__mean,reaction_smoothness_score,,31
spearman,brake__mean,steering_smoothness_score,0.15440445692425223,31
spearman,brake__mean,longitudinal_smoothness_score,-0.36273769495219416,31
spearman,brake__mean,lateral_stability_score,-0.1107282958022526,31
spearman,brake__max,reaction_smoothness_score,,31
spearman,brake__max,steering_smoothness_score,0.20920392429617718,31
spearman,brake__max,longitudinal_smoothness_score,-0.3117420886448746,31
spearman,brake__max,lateral_stability_score,-0.021289703614771924,31
spearman,brake__std,reaction_smoothness_score,,31
spearman,brake__std,steering_smoothness_score,0.3426425597880816,31
spearman,brake__std,longitudinal_smoothness_score,-0.15317414252644942,31
spearman,brake__std,lateral_stability_score,0.10457672381323856,31
spearman,leadOne_dRel__mean,reaction_smoothness_score,,31
spearman,leadOne_dRel__mean,steering_smoothness_score,-0.07455314841923395,31
spearman,leadOne_dRel__mean,longitudinal_smoothness_score,-0.13454858146666485,31
spearman,leadOne_dRel__mean,lateral_stability_score,0.09528686425180198,31
spearman,leadOne_dRel__max,reaction_smoothness_score,,31
spearman,leadOne_dRel__max,steering_smoothness_score,-0.18263315648262046,31
spearman,leadOne_dRel__max,longitudinal_smoothness_score,-0.18792687116327614,31
spearman,leadOne_dRel__max,lateral_stability_score,0.04058514588502676,31
spearman,leadOne_dRel__std,reaction_smoothness_score,,31
spearman,leadOne_dRel__std,steering_smoothness_score,-0.20204344364502458,31
spearman,leadOne_dRel__std,longitudinal_smoothness_score,-0.1402834390373751,31
spearman,leadOne_dRel__std,lateral_stability_score,0.10322743627278548,31
spearman,leadOne_vRel__mean,reaction_smoothness_score,,31
spearman,leadOne_vRel__mean,steering_smoothness_score,0.2832137354150781,31
spearman,leadOne_vRel__mean,longitudinal_smoothness_score,0.29027202165595234,31
spearman,leadOne_vRel__mean,lateral_stability_score,0.14337143926775764,31
spearman,leadOne_vRel__max,reaction_smoothness_score,,31
spearman,leadOne_vRel__max,steering_smoothness_score,0.13003010447424412,31
spearman,leadOne_vRel__max,longitudinal_smoothness_score,-0.05283908839059391,31
spearman,leadOne_vRel__max,lateral_stability_score,0.17873395986035676,31
spearman,leadOne_vRel__std,reaction_smoothness_score,,31
spearman,leadOne_vRel__std,steering_smoothness_score,-0.07455314841923395,31
spearman,leadOne_vRel__std,longitudinal_smoothness_score,-0.14557715371803082,31
spearman,leadOne_vRel__std,lateral_stability_score,0.17601601313180087,31
spearman,leadOne_aRel__mean,reaction_smoothness_score,,31
spearman,leadOne_aRel__mean,steering_smoothness_score,,31
spearman,leadOne_aRel__mean,longitudinal_smoothness_score,,31
spearman,leadOne_aRel__mean,lateral_stability_score,,31
spearman,leadOne_aRel__max,reaction_smoothness_score,,31
spearman,leadOne_aRel__max,steering_smoothness_score,,31
spearman,leadOne_aRel__max,longitudinal_smoothness_score,,31
spearman,leadOne_aRel__max,lateral_stability_score,,31
spearman,leadOne_aRel__std,reaction_smoothness_score,,31
spearman,leadOne_aRel__std,steering_smoothness_score,,31
spearman,leadOne_aRel__std,longitudinal_smoothness_score,,31
spearman,leadOne_aRel__std,lateral_stability_score,,31
spearman,leadOne_yRel__mean,reaction_smoothness_score,,31
spearman,leadOne_yRel__mean,steering_smoothness_score,-0.2774788778443678,31
spearman,leadOne_yRel__mean,longitudinal_smoothness_score,-0.16675201244065346,31
spearman,leadOne_yRel__mean,lateral_stability_score,-0.42482060312261716,31
spearman,leadOne_yRel__max,reaction_smoothness_score,,31
spearman,leadOne_yRel__max,steering_smoothness_score,-0.12440229499540814,31
spearman,leadOne_yRel__max,longitudinal_smoothness_score,-0.22498287392786578,31
spearman,leadOne_yRel__max,lateral_stability_score,-0.01808685849224019,31
spearman,leadOne_yRel__std,reaction_smoothness_score,,31
spearman,leadOne_yRel__std,steering_smoothness_score,-0.006176000460764944,31
spearman,leadOne_yRel__std,longitudinal_smoothness_score,-0.16939886978098131,31
spearman,leadOne_yRel__std,lateral_stability_score,0.11646172297442464,31
spearman,leadTwo_dRel__mean,reaction_smoothness_score,,31
spearman,leadTwo_dRel__mean,steering_smoothness_score,-0.09749257870207517,31
spearman,leadTwo_dRel__mean,longitudinal_smoothness_score,-0.1469005823881947,31
spearman,leadTwo_dRel__mean,lateral_stability_score,0.09043429246120095,31
spearman,leadTwo_dRel__max,reaction_smoothness_score,,31
spearman,leadTwo_dRel__max,steering_smoothness_score,-0.19189715717376787,31
spearman,leadTwo_dRel__max,longitudinal_smoothness_score,-0.19719087185442355,31
spearman,leadTwo_dRel__max,lateral_stability_score,0.07014171951868756,31
spearman,leadTwo_dRel__std,reaction_smoothness_score,,31
spearman,leadTwo_dRel__std,steering_smoothness_score,-0.16410515510032564,31
spearman,leadTwo_dRel__std,longitudinal_smoothness_score,-0.13234286701639164,31
spearman,leadTwo_dRel__std,lateral_stability_score,0.11072686540371435,31
spearman,leadTwo_vRel__mean,reaction_smoothness_score,,31
spearman,leadTwo_vRel__mean,steering_smoothness_score,0.22277715947759258,31
spearman,leadTwo_vRel__mean,longitudinal_smoothness_score,0.17822172758207408,31
spearman,leadTwo_vRel__mean,lateral_stability_score,0.263803448252674,31
spearman,leadTwo_vRel__max,reaction_smoothness_score,,31
spearman,leadTwo_vRel__max,steering_smoothness_score,0.1703900171113858,31
spearman,leadTwo_vRel__max,longitudinal_smoothness_score,-0.06881588519574641,31
spearman,leadTwo_vRel__max,lateral_stability_score,0.25923792368260634,31
spearman,leadTwo_vRel__std,reaction_smoothness_score,,31
spearman,leadTwo_vRel__std,steering_smoothness_score,-0.057789718597157674,31
spearman,leadTwo_vRel__std,longitudinal_smoothness_score,-0.1363131530268834,31
spearman,leadTwo_vRel__std,lateral_stability_score,0.1773394418019648,31
spearman,leadTwo_aRel__mean,reaction_smoothness_score,,31
spearman,leadTwo_aRel__mean,steering_smoothness_score,,31
spearman,leadTwo_aRel__mean,longitudinal_smoothness_score,,31
spearman,leadTwo_aRel__mean,lateral_stability_score,,31
spearman,leadTwo_aRel__max,reaction_smoothness_score,,31
spearman,leadTwo_aRel__max,steering_smoothness_score,,31
spearman,leadTwo_aRel__max,longitudinal_smoothness_score,,31
spearman,leadTwo_aRel__max,lateral_stability_score,,31
spearman,leadTwo_aRel__std,reaction_smoothness_score,,31
spearman,leadTwo_aRel__std,steering_smoothness_score,,31
spearman,leadTwo_aRel__std,longitudinal_smoothness_score,,31
spearman,leadTwo_aRel__std,lateral_stability_score,,31
spearman,leadTwo_yRel__mean,reaction_smoothness_score,,31
spearman,leadTwo_yRel__mean,steering_smoothness_score,-0.3573257409442574,31
spearman,leadTwo_yRel__mean,longitudinal_smoothness_score,-0.27483202050404,31
spearman,leadTwo_yRel__mean,lateral_stability_score,-0.3264457386404327,31
spearman,leadTwo_yRel__max,reaction_smoothness_score,,31
spearman,leadTwo_yRel__max,steering_smoothness_score,-0.13013715256611846,31
spearman,leadTwo_yRel__max,longitudinal_smoothness_score,-0.24130516085988743,31
spearman,leadTwo_yRel__max,lateral_stability_score,-0.0216160016126773,31
spearman,leadTwo_yRel__std,reaction_smoothness_score,,31
spearman,leadTwo_yRel__std,steering_smoothness_score,-0.02911543074360616,31
spearman,leadTwo_yRel__std,longitudinal_smoothness_score,-0.18263315648262046,31
spearman,leadTwo_yRel__std,lateral_stability_score,0.09969829315234836,31
spearman,model_desiredCurvature__mean,reaction_smoothness_score,,25
spearman,model_desiredCurvature__mean,steering_smoothness_score,0.21000000000000002,25
spearman,model_desiredCurvature__mean,longitudinal_smoothness_score,-0.07384615384615385,25
spearman,model_desiredCurvature__mean,lateral_stability_score,0.27999999999999997,25
spearman,model_desiredCurvature__max,reaction_smoothness_score,,25
spearman,model_desiredCurvature__max,steering_smoothness_score,-0.03153846153846154,25
spearman,model_desiredCurvature__max,longitudinal_smoothness_score,-0.2930769230769231,25
spearman,model_desiredCurvature__max,lateral_stability_score,-0.0007692307692307692,25
spearman,model_desiredCurvature__std,reaction_smoothness_score,,25
spearman,model_desiredCurvature__std,steering_smoothness_score,-0.2623076923076923,25
spearman,model_desiredCurvature__std,longitudinal_smoothness_score,0.11846153846153845,25
spearman,model_desiredCurvature__std,lateral_stability_score,-0.2407692307692308,25
spearman,laneLeft_prob__mean,reaction_smoothness_score,,25
spearman,laneLeft_prob__mean,steering_smoothness_score,0.07923076923076922,25
spearman,laneLeft_prob__mean,longitudinal_smoothness_score,0.059230769230769226,25
spearman,laneLeft_prob__mean,lateral_stability_score,0.12846153846153846,25
spearman,laneLeft_prob__max,reaction_smoothness_score,,25
spearman,laneLeft_prob__max,steering_smoothness_score,0.2323076923076923,25
spearman,laneLeft_prob__max,longitudinal_smoothness_score,0.08846153846153845,25
spearman,laneLeft_prob__max,lateral_stability_score,0.3238461538461538,25
spearman,laneLeft_prob__std,reaction_smoothness_score,,25
spearman,laneLeft_prob__std,steering_smoothness_score,0.19307692307692306,25
spearman,laneLeft_prob__std,longitudinal_smoothness_score,-0.003846153846153846,25
spearman,laneLeft_prob__std,lateral_stability_score,0.18307692307692305,25
spearman,laneRight_prob__mean,reaction_smoothness_score,,25
spearman,laneRight_prob__mean,steering_smoothness_score,-0.008461538461538461,25
spearman,laneRight_prob__mean,longitudinal_smoothness_score,-0.20153846153846153,25
spearman,laneRight_prob__mean,lateral_stability_score,-0.09461538461538462,25
spearman,laneRight_prob__max,reaction_smoothness_score,,25
spearman,laneRight_prob__max,steering_smoothness_score,0.15000000000000002,25
spearman,laneRight_prob__max,longitudinal_smoothness_score,0.07692307692307691,25
spearman,laneRight_prob__max,lateral_stability_score,0.2069230769230769,25
spearman,laneRight_prob__std,reaction_smoothness_score,,25
spearman,laneRight_prob__std,steering_smoothness_score,0.07615384615384616,25
spearman,laneRight_prob__std,longitudinal_smoothness_score,0.18230769230769234,25
spearman,laneRight_prob__std,lateral_stability_score,0.2276923076923077,25
spearman,laneLeft_y__mean,reaction_smoothness_score,,25
spearman,laneLeft_y__mean,steering_smoothness_score,0.03153846153846154,25
spearman,laneLeft_y__mean,longitudinal_smoothness_score,0.17846153846153845,25
spearman,laneLeft_y__mean,lateral_stability_score,-0.1323076923076923,25
spearman,laneLeft_y__max,reaction_smoothness_score,,25
spearman,laneLeft_y__max,steering_smoothness_score,-0.21076923076923076,25
spearman,laneLeft_y__max,longitudinal_smoothness_score,0.15153846153846154,25
spearman,laneLeft_y__max,lateral_stability_score,-0.4576923076923077,25
spearman,laneLeft_y__std,reaction_smoothness_score,,25
spearman,laneLeft_y__std,steering_smoothness_score,-0.15461538461538463,25
spearman,laneLeft_y__std,longitudinal_smoothness_score,0.19769230769230767,25
spearman,laneLeft_y__std,lateral_stability_score,-0.2169230769230769,25
spearman,laneRight_y__mean,reaction_smoothness_score,,25
spearman,laneRight_y__mean,steering_smoothness_score,-0.04923076923076923,25
spearman,laneRight_y__mean,longitudinal_smoothness_score,-0.23384615384615384,25
spearman,laneRight_y__mean,lateral_stability_score,0.021538461538461538,25
spearman,laneRight_y__max,reaction_smoothness_score,,25
spearman,laneRight_y__max,steering_smoothness_score,-0.18923076923076923,25
spearman,laneRight_y__max,longitudinal_smoothness_score,0.0015384615384615385,25
spearman,laneRight_y__max,lateral_stability_score,-0.11846153846153845,25
spearman,laneRight_y__std,reaction_smoothness_score,,25
spearman,laneRight_y__std,steering_smoothness_score,-0.15538461538461537,25
spearman,laneRight_y__std,longitudinal_smoothness_score,0.16615384615384618,25
spearman,laneRight_y__std,lateral_stability_score,-0.2353846153846154,25
spearman,hasLead__mean,reaction_smoothness_score,,31
spearman,hasLead__mean,steering_smoothness_score,0.03797010832150713,31
spearman,hasLead__mean,longitudinal_smoothness_score,-0.15030770690584777,31
spearman,hasLead__mean,lateral_stability_score,0.2098466341555483,31
spearman,hasLead__max,reaction_smoothness_score,,31
spearman,hasLead__max,steering_smoothness_score,-0.036084391824351615,31
spearman,hasLead__max,longitudinal_smoothness_score,-0.14433756729740646,31
spearman,hasLead__max,lateral_stability_score,0.18763883748662838,31
spearman,hasLead__std,reaction_smoothness_score,,31
spearman,hasLead__std,steering_smoothness_score,-0.28249870653123244,31
spearman,hasLead__std,longitudinal_smoothness_score,0.0223955859141589,31
spearman,hasLead__std,lateral_stability_score,-0.016502010673590767,31
spearman,shouldStop__mean,reaction_smoothness_score,,31
spearman,shouldStop__mean,steering_smoothness_score,,31
spearman,shouldStop__mean,longitudinal_smoothness_score,,31
spearman,shouldStop__mean,lateral_stability_score,,31
spearman,shouldStop__max,reaction_smoothness_score,,31
spearman,shouldStop__max,steering_smoothness_score,,31
spearman,shouldStop__max,longitudinal_smoothness_score,,31
spearman,shouldStop__max,lateral_stability_score,,31
spearman,shouldStop__std,reaction_smoothness_score,,31
spearman,shouldStop__std,steering_smoothness_score,,31
spearman,shouldStop__std,longitudinal_smoothness_score,,31
spearman,shouldStop__std,lateral_stability_score,,31
spearman,fcw__mean,reaction_smoothness_score,,31
spearman,fcw__mean,steering_smoothness_score,,31
spearman,fcw__mean,longitudinal_smoothness_score,,31
spearman,fcw__mean,lateral_stability_score,,31
spearman,fcw__max,reaction_smoothness_score,,31
spearman,fcw__max,steering_smoothness_score,,31
spearman,fcw__max,longitudinal_smoothness_score,,31
spearman,fcw__max,lateral_stability_score,,31
spearman,fcw__std,reaction_smoothness_score,,31
spearman,fcw__std,steering_smoothness_score,,31
spearman,fcw__std,longitudinal_smoothness_score,,31
spearman,fcw__std,lateral_stability_score,,31
spearman,accel_x__mean,reaction_smoothness_score,,31
spearman,accel_x__mean,steering_smoothness_score,-0.1088709677419355,31
spearman,accel_x__mean,longitudinal_smoothness_score,-0.20846774193548392,31
spearman,accel_x__mean,lateral_stability_score,-0.22016129032258067,31
spearman,accel_x__max,reaction_smoothness_score,,31
spearman,accel_x__max,steering_smoothness_score,-0.2625,31
spearman,accel_x__max,longitudinal_smoothness_score,-0.028225806451612906,31
spearman,accel_x__max,lateral_stability_score,-0.49798387096774194,31
spearman,accel_x__std,reaction_smoothness_score,,31
spearman,accel_x__std,steering_smoothness_score,-0.30161290322580653,31
spearman,accel_x__std,longitudinal_smoothness_score,0.05604838709677419,31
spearman,accel_x__std,lateral_stability_score,-0.4314516129032258,31
spearman,accel_y__mean,reaction_smoothness_score,,31
spearman,accel_y__mean,steering_smoothness_score,0.10483870967741936,31
spearman,accel_y__mean,longitudinal_smoothness_score,0.18508064516129033,31
spearman,accel_y__mean,lateral_stability_score,-0.055645161290322584,31
spearman,accel_y__max,reaction_smoothness_score,,31
spearman,accel_y__max,steering_smoothness_score,-0.3875,31
spearman,accel_y__max,longitudinal_smoothness_score,0.001209677419354839,31
spearman,accel_y__max,lateral_stability_score,-0.49677419354838714,31
spearman,accel_y__std,reaction_smoothness_score,,31
spearman,accel_y__std,steering_smoothness_score,-0.4459677419354839,31
spearman,accel_y__std,longitudinal_smoothness_score,0.0072580645161290334,31
spearman,accel_y__std,lateral_stability_score,-0.6278225806451613,31
spearman,accel_z__mean,reaction_smoothness_score,,31
spearman,accel_z__mean,steering_smoothness_score,-0.1899193548387097,31
spearman,accel_z__mean,longitudinal_smoothness_score,-0.056854838709677426,31
spearman,accel_z__mean,lateral_stability_score,-0.23548387096774195,31
spearman,accel_z__max,reaction_smoothness_score,,31
spearman,accel_z__max,steering_smoothness_score,-0.25766129032258067,31
spearman,accel_z__max,longitudinal_smoothness_score,-0.2806451612903226,31
spearman,accel_z__max,lateral_stability_score,-0.22056451612903227,31
spearman,accel_z__std,reaction_smoothness_score,,31
spearman,accel_z__std,steering_smoothness_score,-0.10120967741935485,31
spearman,accel_z__std,longitudinal_smoothness_score,-0.09717741935483871,31
spearman,accel_z__std,lateral_stability_score,0.03225806451612904,31
spearman,gyro_x__mean,reaction_smoothness_score,,31
spearman,gyro_x__mean,steering_smoothness_score,-0.3544354838709678,31
spearman,gyro_x__mean,longitudinal_smoothness_score,-0.09919354838709678,31
spearman,gyro_x__mean,lateral_stability_score,-0.26370967741935486,31
spearman,gyro_x__max,reaction_smoothness_score,,31
spearman,gyro_x__max,steering_smoothness_score,-0.3326612903225807,31
spearman,gyro_x__max,longitudinal_smoothness_score,-0.1342741935483871,31
spearman,gyro_x__max,lateral_stability_score,-0.2717741935483871,31
spearman,gyro_x__std,reaction_smoothness_score,,31
spearman,gyro_x__std,steering_smoothness_score,-0.2657258064516129,31
spearman,gyro_x__std,longitudinal_smoothness_score,0.06129032258064517,31
spearman,gyro_x__std,lateral_stability_score,-0.4173387096774194,31
spearman,gyro_y__mean,reaction_smoothness_score,,31
spearman,gyro_y__mean,steering_smoothness_score,0.26370967741935486,31
spearman,gyro_y__mean,longitudinal_smoothness_score,0.1495967741935484,31
spearman,gyro_y__mean,lateral_stability_score,0.3145161290322581,31
spearman,gyro_y__max,reaction_smoothness_score,,31
spearman,gyro_y__max,steering_smoothness_score,0.2149193548387097,31
spearman,gyro_y__max,longitudinal_smoothness_score,0.06330645161290323,31
spearman,gyro_y__max,lateral_stability_score,-0.04637096774193549,31
spearman,gyro_y__std,reaction_smoothness_score,,31
spearman,gyro_y__std,steering_smoothness_score,-0.004838709677419356,31
spearman,gyro_y__std,longitudinal_smoothness_score,0.06975806451612904,31
spearman,gyro_y__std,lateral_stability_score,-0.1741935483870968,31
spearman,gyro_z__mean,reaction_smoothness_score,,31
spearman,gyro_z__mean,steering_smoothness_score,-0.35887096774193555,31
spearman,gyro_z__mean,longitudinal_smoothness_score,-0.19838709677419356,31
spearman,gyro_z__mean,lateral_stability_score,-0.1366935483870968,31
spearman,gyro_z__max,reaction_smoothness_score,,31
spearman,gyro_z__max,steering_smoothness_score,-0.5741935483870969,31
spearman,gyro_z__max,longitudinal_smoothness_score,-0.24758064516129033,31
spearman,gyro_z__max,lateral_stability_score,-0.6653225806451614,31
spearman,gyro_z__std,reaction_smoothness_score,,31
spearman,gyro_z__std,steering_smoothness_score,-0.3544354838709678,31
spearman,gyro_z__std,longitudinal_smoothness_score,-0.07137096774193549,31
spearman,gyro_z__std,lateral_stability_score,-0.6314516129032258,31
