event_id,readyProb_0__mean,readyProb_0__max,readyProb_0__std,readyProb_1__mean,readyProb_1__max,readyProb_1__std,readyProb_2__mean,readyProb_2__max,readyProb_2__std,readyProb_3__mean,readyProb_3__max,readyProb_3__std,notReadyProb_0__mean,notReadyProb_0__max,notReadyProb_0__std,notReadyProb_1__mean,notReadyProb_1__max,notReadyProb_1__std,awarenessStatus__mean,awarenessStatus__max,awarenessStatus__std,isDistracted__mean,isDistracted__max,isDistracted__std,distractedType__mean,distractedType__max,distractedType__std,occludedProb__mean,occludedProb__max,occludedProb__std,poorVisionProb__mean,poorVisionProb__max,poorVisionProb__std,faceDetected__mean,faceDetected__max,faceDetected__std,vEgo__mean,vEgo__max,vEgo__std,aEgo__mean,aEgo__max,aEgo__std,vEgoRaw__mean,vEgoRaw__max,vEgoRaw__std,standstill__mean,standstill__max,standstill__std,steeringAngleDeg__mean,steeringAngleDeg__max,steeringAngleDeg__std,steeringTorque__mean,steeringTorque__max,steeringTorque__std,gas__mean,gas__max,gas__std,brake__mean,brake__max,brake__std,leadOne_dRel__mean,leadOne_dRel__max,leadOne_dRel__std,leadOne_vRel__mean,leadOne_vRel__max,leadOne_vRel__std,leadOne_aRel__mean,leadOne_aRel__max,leadOne_aRel__std,leadOne_yRel__mean,leadOne_yRel__max,leadOne_yRel__std,leadTwo_dRel__mean,leadTwo_dRel__max,leadTwo_dRel__std,leadTwo_vRel__mean,leadTwo_vRel__max,leadTwo_vRel__std,leadTwo_aRel__mean,leadTwo_aRel__max,leadTwo_aRel__std,leadTwo_yRel__mean,leadTwo_yRel__max,leadTwo_yRel__std,model_desiredCurvature__mean,model_desiredCurvature__max,model_desiredCurvature__std,laneLeft_prob__mean,laneLeft_prob__max,laneLeft_prob__std,laneRight_prob__mean,laneRight_prob__max,laneRight_prob__std,laneLeft_y__mean,laneLeft_y__max,laneLeft_y__std,laneRight_y__mean,laneRight_y__max,laneRight_y__std,hasLead__mean,hasLead__max,hasLead__std,shouldStop__mean,shouldStop__max,shouldStop__std,fcw__mean,fcw__max,fcw__std,accel_x__mean,accel_x__max,accel_x__std,accel_y__mean,accel_y__max,accel_y__std,accel_z__mean,accel_z__max,accel_z__std,gyro_x__mean,gyro_x__max,gyro_x__std,gyro_y__mean,gyro_y__max,gyro_y__std,gyro_z__mean,gyro_z__max,gyro_z__std
TAKE_00152,0.49372594411177645,0.499604,0.0036667654772115582,0.5172433892215569,0.52243,0.003263213970643582,0.5295774071856287,0.53157,0.0009649928216668222,0.4954576606786427,0.498922,0.0025170944925908267,0.004457998003992016,0.014018,0.0020596707168855917,0.54279600998004,0.545622,0.0011231081470188772,1.0,1.0,0.0,0.0,0,0.0,0.0,0,0.0,0.4855234351297405,0.486981,0.000569376446899124,0.0004463632734530938,0.001601,0.00043012281475000044,1.0,1,0.0,21.376307441117763,21.693165,0.2134584899399321,0.0594938502994012,0.561045,0.28298489461549614,21.374955407185627,21.706944,0.21457454053584812,0.0,0,0.0,0.27156394211576845,0.9,0.4902745558831976,-5.42084424750499,226.658493,64.67047155327036,0.0,0.0,0.0,-0.00012542315369261478,0.0,0.0012657110019996009,0.0,0.0,0.0,0.0,0.0,0.0,0.0,0.0,0.0,0.0,0.0,0.0,0.0,0.0,0.0,0.0,0.0,0.0,0.0,0.0,0.0,0.0,0.0,0.0,2.3467065868263474e-05,0.000267,0.000126066543591762,0.9973116107784431,0.997936,0.00046436427317734407,0.9969871317365269,0.997816,0.0006052790221135458,-1.5708136526946106,-1.4838,0.0444749241664462,1.3431933393213573,1.41657,0.04077041268695495,0.0,0,0.0,0.0,0,0.0,0.0,0,0.0,9.69491310778443,10.716317,0.391325175748778,0.46123233133732533,1.236326,0.2785973312435673,0.3853111097804391,1.274644,0.3678539991709673,-0.027595041916167663,-0.019113,0.003437100679386556,0.002147455089820359,0.040156,0.014041989414199077,-0.003341059880239521,0.020918,0.012155171241920336
TAKE_00153,0.4951221736526946,0.498334,0.0022861761672680206,0.5201388343313373,0.525499,0.0015672840171772776,0.5296196167664671,0.532654,0.0013431511533844958,0.49367948902195613,0.496777,0.0019097816132686355,0.0035424810379241518,0.008914,0.0011493878240784194,0.545182612774451,0.547646,0.0012521988187809364,1.0,1.0,0.0,0.0,0,0.0,0.0,0,0.0,0.48338059081836326,0.48456,0.0005906462073318811,0.0048506467065868265,0.227407,0.023891048426825764,1.0,1,0.0,21.25332016966068,21.300431,0.01884631232334394,1.2329341317366167e-05,0.356945,0.13456621427208731,21.253374816367266,21.361111,0.026376449906350494,0.0,0,0.0,2.7031103133732532,6.7,3.1875107887456218,152.1005528522954,1561.169392,377.1621199254083,0.0,0.0,0.0,0.0,0.0,0.0,0.0,0.0,0.0,0.0,0.0,0.0,0.0,0.0,0.0,0.0,0.0,0.0,0.0,0.0,0.0,0.0,0.0,0.0,0.0,0.0,0.0,0.0,0.0,0.0,-0.0011173592814371258,0.000213,0.0012542068372715402,0.9950153453093812,0.997879,0.0035317774842879416,0.9914680658682635,0.997824,0.006032979495544145,-1.4879885269461077,-1.176663,0.12054031101118794,1.2718080598802395,1.547778,0.11742400308299993,0.0,0,0.0,0.0,0,0.0,0.0,0,0.0,9.730457562874252,10.949764,0.3489448134575472,0.6234171137724551,1.548193,0.4257697109596466,0.4030970459081836,1.18736,0.1987511656623424,-0.006011560878243513,0.023604,0.022371516600775777,0.0002890159680638722,0.032312,0.013414450762507739,-0.01576807385229541,0.01397,0.01468890835959347
TAKE_00154,0.4955006187624751,0.497064,0.0009185542642474405,0.5116927704590818,0.516103,0.0016642632655940006,0.5267020279441118,0.530765,0.0010752288738763256,0.49634985828343314,0.498394,0.0007845686215215855,0.003444706586826347,0.006864,0.0010852038019360812,0.5406965449101796,0.542278,0.0005923024062749128,1.0,1.0,0.0,0.0,0,0.0,0.0,0,0.0,0.4824506187624751,0.484517,0.0009275823286196796,0.014351714570858284,0.070328,0.013209583412673061,1.0,1,0.0,24.895057848303395,25.179331,0.2508723589680841,0.16256379640718563,0.506705,0.15186284958831273,24.892994343313372,25.21875,0.25263854430525984,0.0,0,0.0,0.35680854890219565,1.4,0.4714329498752627,-20.023934974051897,368.966572,112.0793492931262,0.0,0.0,0.0,0.0,0.0,0.0,0.0,0.0,0.0,0.0,0.0,0.0,0.0,0.0,0.0,0.0,0.0,0.0,0.0,0.0,0.0,0.0,0.0,0.0,0.0,0.0,0.0,0.0,0.0,0.0,-1.6109780439121756e-05,0.000241,0.00013721369437542192,0.8595110738522954,0.992832,0.18611049133090946,0.5424723213572854,0.974957,0.2672031920610951,-1.5440386506986028,-1.419562,0.10956356941888937,1.5139319281437127,3.55864,0.3905804628211027,0.0,0,0.0,0.0,0,0.0,0.0,0,0.0,9.719845045908183,11.221006,0.396215210392342,0.4669137744510978,2.034319,0.3323994620758328,0.22620396407185628,2.333115,0.3661314493919671,-0.02658216367265469,-0.015273,0.004050356492601322,0.0013504590818363275,0.03956,0.015680496491910657,-0.008108540918163673,0.041485,0.01674812336653938
TAKE_00155,0.4923424371257485,0.494246,0.0010989266156295778,0.5199554530938124,0.524163,0.002210297725713723,0.5318541357285429,0.535262,0.0017752111506917332,0.4978282215568862,0.499698,0.0009272761470103257,0.003013367265469062,0.006941,0.0017017592476159216,0.5454750359281436,0.547669,0.0011350211463702622,1.0,1.0,0.0,0.0,0,0.0,0.0,0,0.0,0.4830132295409182,0.485266,0.001192728541289239,0.003790069860279441,0.080668,0.009186867319446264,1.0,1,0.0,22.858722826347304,22.89741,0.019965481137698422,0.0012643952095808383,0.583383,0.13725683392715823,22.85891159680639,22.984722,0.03161842775416116,0.0,0,0.0,-0.840117992015968,0.1,1.1031320674090588,-150.02747773253495,196.114983,571.1125384916463,0.0,0.0,0.0,0.0,0.0,0.0,0.0,0.0,0.0,0.0,0.0,0.0,0.0,0.0,0.0,0.0,0.0,0.0,0.0,0.0,0.0,0.0,0.0,0.0,0.0,0.0,0.0,0.0,0.0,0.0,0.00023849101796407187,0.001071,0.0002881854791955377,0.9021900778443114,0.990723,0.0988790491802986,0.8922540439121757,0.954748,0.07293371825109463,-1.4001704391217566,-1.300159,0.04783915715585684,1.5066779201596807,1.595451,0.09076405152960937,0.0,0,0.0,0.0,0,0.0,0.0,0,0.0,9.644111874251497,11.592994,0.7312076108477854,0.28444926347305394,1.896218,0.42501362152595834,0.3711907584830339,2.922485,0.4932460309623099,-0.031114864271457085,-0.021677,0.006315026018437364,0.004309359281437126,0.141389,0.026713090134513798,-0.007807978043912175,0.04872,0.019432640220040015
TAKE_00156,0.4921697285429142,0.493664,0.0005646724591864774,0.5223443053892216,0.525308,0.0010234753893235723,0.5327327025948104,0.534795,0.0015810668971844484,0.4976134491017964,0.499371,0.0014318520719350189,0.002345702594810379,0.005343,0.0011453978546222508,0.5450596467065868,0.5466,0.0009529837904887052,1.0,1.0,0.0,0.0,0,0.0,0.0,0,0.0,0.48302063872255485,0.484666,0.0007460200394209344,0.0007128782435129741,0.006336,0.0010804824177864758,1.0,1,0.0,15.821325938123753,16.343479,0.20583050387194168,-0.17679486427145708,0.270593,0.15739346078981026,15.823011922155688,16.36389,0.20749862283760073,0.0,0,0.0,4.317247886227545,20.334337,5.115115704005062,-29.701720033932137,2975.899309,510.6377565003773,0.0,0.0,0.0,0.000999632734530938,0.223585,0.012784646769654856,0.0,0.0,0.0,0.0,0.0,0.0,0.0,0.0,0.0,0.0,0.0,0.0,0.0,0.0,0.0,0.0,0.0,0.0,0.0,0.0,0.0,0.0,0.0,0.0,-0.00301477245508982,0.000637,0.0036045696814071657,0.9166312694610778,0.987656,0.06900957726916743,0.8865623093812375,0.984147,0.13555161418502581,-1.5508523093812374,-1.159177,0.15804634943773285,1.3779579321357287,1.579801,0.08748466943207464,0.0,0,0.0,0.0,0,0.0,0.0,0,0.0,9.76075195209581,11.311105,0.47301834828009975,0.3561923852295409,1.839157,0.46119432673147814,0.5071936646706587,2.027961,0.33245481530108023,8.83493013972056e-05,0.065369,0.03120403252568079,-0.0021321576846307384,0.038796,0.014085285120617406,0.00699637125748503,0.072712,0.03314011365457114
TAKE_00157,0.49305125548902196,0.494746,0.0008982770745125367,0.5234220918163672,0.528221,0.002454528016453114,0.5303273992015968,0.531861,0.0007171276736534697,0.49424916766467064,0.496091,0.0005207544371700895,0.0040754151696606785,0.007872,0.001015446224715727,0.5429913872255488,0.544651,0.0007010942459872678,1.0,1.0,0.0,0.0,0,0.0,0.0,0,0.0,0.48441636127744514,0.486144,0.0007327051734616257,0.01574953892215569,0.079183,0.010387237294342612,1.0,1,0.0,20.414249017964075,20.898804,0.36431660742069544,-0.22684898602794412,0.585982,0.2515810119454603,20.41569093013972,20.92639,0.3631845905637512,0.0,0,0.0,1.128441884231537,2.6,0.8113952554145429,406.4274540339321,2140.394371,789.084401468277,0.0,0.0,0.0,-5.320558882235529e-05,0.015625,0.001559121751387204,0.0,0.0,0.0,0.0,0.0,0.0,0.0,0.0,0.0,0.0,0.0,0.0,0.0,0.0,0.0,0.0,0.0,0.0,0.0,0.0,0.0,0.0,0.0,0.0,1.639321357285429e-05,0.000463,0.00019861994631419145,0.9850880838323354,0.992469,0.005146091171069528,0.9704207964071856,0.983109,0.015105998563036816,-1.4597478902195609,-1.34375,0.046050093144942884,1.3049415588822355,1.418868,0.06226837864010136,0.0,0,0.0,0.0,0,0.0,0.0,0,0.0,9.758353688622755,12.545343,0.8285220835024536,0.7579671037924152,5.115569,0.884709932044494,0.6688456566866268,2.484944,0.5003407108656043,-0.02629559880239521,-0.007483,0.008372252706931302,-0.0025148423153692613,0.103767,0.04085441952965536,0.00496729740518962,0.262657,0.06409484655010399
TAKE_00158,0.4948193093812375,0.497583,0.0019725494097970345,0.5226940179640719,0.527105,0.0020898259740171556,0.5302514271457085,0.531867,0.0006517966317660921,0.4945643972055888,0.496614,0.0008974241382491459,0.0020199660678642713,0.003544,0.0008300123233099062,0.544261884231537,0.546223,0.0007540437749700074,1.0,1.0,0.0,0.0,0,0.0,0.0,0,0.0,0.48318145908183635,0.484312,0.0005165623958655129,0.001867441117764471,0.004446,0.0007456999175445493,1.0,1,0.0,24.63359769061876,24.799578,0.07138478761268005,-0.05221356087824351,0.174266,0.07816480403357248,24.633881538922157,24.841667,0.07452491245585356,0.0,0,0.0,0.7898112215568862,1.7,0.5048610172458641,-77.22051702594811,920.680171,343.15739712424534,0.0,0.0,0.0,0.0031286586826347307,0.09375,0.014313150058784037,0.0,0.0,0.0,0.0,0.0,0.0,0.0,0.0,0.0,0.0,0.0,0.0,0.0,0.0,0.0,0.0,0.0,0.0,0.0,0.0,0.0,0.0,0.0,0.0,-0.00012455089820359282,0.000211,0.0001483266931613849,0.9435419920159681,0.997408,0.11724020264777751,0.37991140518962074,0.902634,0.2852555053738901,-1.51769226746507,-1.351401,0.1021331261909684,1.8611882095808383,2.00311,0.07814965517355763,0.0,0,0.0,0.0,0,0.0,0.0,0,0.0,9.721909730538922,10.832511,0.32797979708991365,0.4744473832335329,1.419419,0.31234881303627327,0.3620661516966068,1.416348,0.24733420545893156,-0.02367437724550898,-0.013678,0.003722392465525526,0.0010292355289421157,0.029954,0.01062463865363971,-0.005264894211576846,0.032813,0.01336413344496329
TAKE_00159,0.4948936027944112,0.498484,0.0019128054882587302,0.5247421077844312,0.535947,0.006126826491125844,0.5297978023952096,0.534481,0.0016127642452863514,0.49276788023952095,0.494947,0.0012774775871336734,0.01167236127744511,0.027312,0.00624875218577418,0.5445461696606787,0.547217,0.0017758476796045552,1.0,1.0,0.0,0.0,0,0.0,0.0,0,0.0,0.4838449161676647,0.484938,0.0006487894889392615,0.0014239221556886228,0.00383,0.0007710216753945012,1.0,1,0.0,22.90254541516966,23.514015,0.3377576394643022,-0.22501692215568864,0.180262,0.13694974660239395,22.905100441117764,23.561806,0.3392150623464754,0.0,0,0.0,0.18462692215568863,0.6,0.25944487426051804,-247.87185069061877,127.411824,408.35208884920536,0.0,0.0,0.0,0.005647035928143713,0.140625,0.021828052807401455,0.0,0.0,0.0,0.0,0.0,0.0,0.0,0.0,0.0,0.0,0.0,0.0,0.0,0.0,0.0,0.0,0.0,0.0,0.0,0.0,0.0,0.0,0.0,0.0,1.0578842315369236e-07,0.000148,8.042163133403321e-05,0.9913459600798403,0.996322,0.006175874263487251,0.14150074251497008,0.580852,0.10273341457404975,-1.6680579600798404,-1.589189,0.048762937578148494,1.6795907804391217,1.744848,0.02790793736125416,0.0,0,0.0,0.0,0,0.0,0.0,0,0.0,9.720340672654691,10.675873,0.3572803210588932,0.3902028223552894,1.406982,0.2591594173891398,0.6287124451097804,1.298959,0.2022797152750506,-0.026712842315369262,-0.021785,0.0023501148791252383,4.886027944111773e-05,0.036759,0.014528267249484328,-0.005749820359281436,0.031718,0.010831459831050702
TAKE_00160,0.4940224411177645,0.498353,0.0016657604410676506,0.522491119760479,0.536925,0.004669975312314577,0.5316790339321357,0.533215,0.0007096198058441306,0.49353013373253496,0.495177,0.00114649218927991,0.004989894211576846,0.025676,0.004422945054913799,0.5466548343313373,0.548175,0.0007774348606146226,1.0,1.0,0.0,0.0,0,0.0,0.0,0,0.0,0.48275248303393214,0.484139,0.000638578767429366,0.030351868263473053,0.136039,0.02369215287774857,1.0,1,0.0,27.495353093812373,27.603668,0.06295948097791734,0.037046087824351294,0.350017,0.12172882813080994,27.494876487025948,27.638889,0.06549670666244621,0.0,0,0.0,0.039077908183632735,0.5,0.24636228396913268,-59.95094294011976,965.88476,216.24056663152186,0.0,0.0,0.0,0.005784784431137725,0.196981,0.024426210931403937,0.0,0.0,0.0,0.0,0.0,0.0,0.0,0.0,0.0,0.0,0.0,0.0,0.0,0.0,0.0,0.0,0.0,0.0,0.0,0.0,0.0,0.0,0.0,0.0,4.670658682634731e-06,0.000151,8.078683876328659e-05,0.9962876566866267,0.998272,0.0017065038065883075,0.9973414930139721,0.998404,0.0007851142556668133,-2.0255754271457085,-1.979849,0.023487789928411138,1.4941695828343315,1.55908,0.019441067202178662,0.0,0,0.0,0.0,0,0.0,0.0,0,0.0,9.698491199600799,10.589334,0.39031560232758317,0.4375776666666667,1.339512,0.2839461721041906,0.3676344111776447,1.556156,0.3674634857087851,-0.026825335329341317,-0.019744,0.0028806548094711627,0.0015751397205588822,0.046616,0.016811923228840862,-0.004906003992015968,0.019469,0.00857205910898799
TAKE_00161,0.493969872255489,0.495049,0.0003990704895737958,0.5255269600798403,0.528283,0.00199188803360112,0.5347216946107785,0.536066,0.0011742162511866757,0.4958542175648703,0.497303,0.00048519119383072675,0.004313307385229541,0.00678,0.0011994383007580467,0.5490647724550899,0.550609,0.0008552154349166819,1.0,1.0,0.0,0.0,0,0.0,0.0,0,0.0,0.48406308782435126,0.486425,0.0018243628378891456,0.015786085828343312,0.098024,0.010360587272477304,1.0,1,0.0,12.83566125948104,13.682367,0.45207879952767255,-0.2733947085828344,0.128943,0.1917446295409988,12.83834848502994,13.694445,0.4519675957374487,0.0,0,0.0,-17.314125115768462,-2.1,12.716384857231247,-356.1732908962076,1891.022915,1162.3948767801971,0.0,0.0,0.0,0.0,0.0,0.0,0.0,0.0,0.0,0.0,0.0,0.0,0.0,0.0,0.0,0.0,0.0,0.0,0.0,0.0,0.0,0.0,0.0,0.0,0.0,0.0,0.0,0.0,0.0,0.0,0.008470335329341317,0.015958,0.00482798316850104,0.9171811616766468,0.957144,0.02713728385000622,0.7128812155688622,0.956514,0.1842160719511777,-1.5148485868263475,-0.900271,0.3952518657846496,1.3628332375249501,1.926462,0.3008396710127262,0.0,0,0.0,0.0,0,0.0,0.0,0,0.0,9.746994780439122,11.367646,0.473358989804279,-0.21129164271457085,1.606701,0.8896219560507814,0.6907588023952096,1.80289,0.37367732382291385,-0.10949085828343313,-0.037898,0.057955511171396606,-0.005019968063872255,0.061056,0.024159060857222466,-0.008782061876247504,0.053206,0.025113194240601166
TAKE_00162,0.4939608103792415,0.49485,0.00048461660100738806,0.5295379940119761,0.530909,0.0005583234671445129,0.5321514151696607,0.533025,0.0003802976088399256,0.49116550499001993,0.491717,0.00027202920151169293,0.07589062275449102,0.142331,0.023250861406739345,0.5349799441117764,0.536335,0.00046606558430144365,1.0,1.0,0.0,0.0,0,0.0,0.0,0,0.0,0.495317878243513,0.497325,0.0008787273315117685,0.0007583193612774451,0.00457,0.001170210525420273,1.0,1,0.0,11.469820303393213,11.624994,0.08129863736707638,-0.03624002594810379,0.365027,0.11825031755027687,11.47011799001996,11.661805,0.08253899886314522,0.0,0,0.0,16.555601243512974,23.0,4.883408604013119,1801.5377351716568,2763.404511,1038.0779745829514,0.0,0.0,0.0,-0.011263249500998005,0.0,0.006656515459579789,0.0,0.0,0.0,0.0,0.0,0.0,0.0,0.0,0.0,0.0,0.0,0.0,0.0,0.0,0.0,0.0,0.0,0.0,0.0,0.0,0.0,0.0,0.0,0.0,-0.006513467065868263,-0.004218,0.0009705477203173338,0.223781998003992,0.49989,0.09626757727094824,0.6792954491017964,0.902895,0.10749819576035641,-2.491921219560878,-1.266076,0.5354129091910623,2.013968900199601,2.782712,0.4276895992273075,0.0,0,0.0,0.0,0,0.0,0.0,0,0.0,9.674690536926148,10.691799,0.2408024280000372,1.324797620758483,2.194411,0.3530145014761122,0.3642714610778443,0.938926,0.17345753305013006,0.04789555489021956,0.079197,0.02040932239471664,0.0021873353293413176,0.035402,0.008972753504433818,-0.006508003992015968,0.028109,0.010693508606625986
TAKE_00163,0.492844253493014,0.494333,0.0005964954196075164,0.5277927944111777,0.530771,0.0013542319209239502,0.5297427205588822,0.531969,0.0009677569889991404,0.49214225149700597,0.492689,0.0003261825694649013,0.058574580838323356,0.091168,0.012995394028345266,0.5353986966067865,0.536912,0.0011738773563576234,1.0,1.0,0.0,0.0,0,0.0,0.0,0,0.0,0.4926890978043912,0.49642,0.0018080496742111133,0.0030936107784431135,0.012593,0.0021444942150081903,1.0,1,0.0,9.489412744510977,10.579948,0.7253705945273432,0.4354176087824352,0.963834,0.23219875415941113,9.484757369261477,10.597067,0.7241911594530902,0.0,0,0.0,-1.0031337904191617,18.9,10.776696829724028,-620.4002205109781,2268.513832,1350.9876839435994,0.0,0.0,0.0,0.002961630738522954,0.203125,0.026164257267221883,0.0,0.0,0.0,0.0,0.0,0.0,0.0,0.0,0.0,0.0,0.0,0.0,0.0,0.0,0.0,0.0,0.0,0.0,0.0,0.0,0.0,0.0,0.0,0.0,0.003746059880239521,0.007115,0.0017134901716692702,0.22362391417165667,0.680926,0.1657657086355637,0.3027823572854291,0.86761,0.23032878711802854,-2.153645906187625,-1.351402,0.49901291861568176,1.9640564331337325,2.817465,0.4508379604877999,0.005988023952095809,1,0.07722740353195508,0.0,0,0.0,0.0,0,0.0,9.725266666666666,10.794354,0.32543709055305114,0.11133646706586826,1.876954,0.5688727876722083,-0.044518281437125745,0.888983,0.3295574894276362,-0.030132516966067866,0.041538,0.03790752073478575,0.0006101536926147704,0.039846,0.011961008524465284,0.0044294750499002,0.046947,0.017028588468627582
TAKE_00164,0.4927893612774451,0.494576,0.0005806483541847841,0.5291780578842316,0.531654,0.0009173541620566575,0.5299038323353294,0.531218,0.00048068289321789,0.49202743113772457,0.493073,0.00037522871125291466,0.04349965469061876,0.134091,0.019419714896427364,0.5362023293413173,0.539134,0.0013118936394835787,1.0,1.0,0.0,0.0,0,0.0,0.0,0,0.0,0.48635517564870256,0.490485,0.002487548620044664,0.09969743712574851,0.417982,0.1341169430458752,1.0,1,0.0,10.814679650698604,10.966017,0.1614619104226539,0.10243591017964072,0.497881,0.14632447999175627,10.813197658682636,10.997916,0.16323804511356357,0.0,0,0.0,-6.06571755489022,-3.1,1.260675696329104,43.20439646906188,268.914534,135.26132268070583,0.0,0.0,0.0,0.003763930139720559,0.140625,0.02400617657381345,0.0,0.0,0.0,0.0,0.0,0.0,0.0,0.0,0.0,0.0,0.0,0.0,0.0,0.0,0.0,0.0,0.0,0.0,0.0,0.0,0.0,0.0,0.0,0.0,0.0024208542914171656,0.003077,0.0004030092266022532,0.4864667025948104,0.870426,0.1997766404648786,0.37451957884231535,0.912938,0.28082153961689693,-1.681716882235529,-1.441056,0.14834260821951376,1.5127558023952097,1.725152,0.11245811563005519,0.0,0,0.0,0.0,0,0.0,0.0,0,0.0,9.750626153692615,11.108102,0.3467598942944042,0.32337441916167664,1.457358,0.37051671029343325,0.2678921976047904,1.44786,0.2640758293535,-0.052405185628742516,-0.036387,0.006041608122302621,-0.004813918163672655,0.051728,0.015029087781741422,-0.00652184630738523,0.035959,0.016405741113108274
TAKE_00165,0.4938559001996008,0.494983,0.0005377827684296585,0.5296482295409182,0.532312,0.001238165042797362,0.5314399860279442,0.533037,0.0005538150718466365,0.4913159021956088,0.491938,0.0002851290522117623,0.04145343113772455,0.082236,0.012957660030335277,0.5350741556886228,0.537092,0.0008248991621477959,1.0,1.0,0.0,0.0,0,0.0,0.0,0,0.0,0.4927362774451098,0.495325,0.0013014450525743056,3.539121756487026e-05,0.000306,4.70977137737552e-05,1.0,1,0.0,10.992594858283432,11.502664,0.34117630507470076,0.2368968502994012,0.525822,0.11642065099427823,10.990131437125749,11.534028,0.34229883475210754,0.0,0,0.0,7.086100776447106,19.5,6.31163320658414,398.11640265469066,2762.26837,849.4733402293485,0.0,0.0,0.0,-0.0015215988023952096,0.0,0.004541162187449221,0.0,0.0,0.0,0.0,0.0,0.0,0.0,0.0,0.0,0.0,0.0,0.0,0.0,0.0,0.0,0.0,0.0,0.0,0.0,0.0,0.0,0.0,0.0,0.0,-0.0034141157684630737,0.000295,0.002106098447502124,0.5252355808383234,0.820525,0.14418966896043545,0.29192042914171656,0.799226,0.20346711986738666,-1.7877687405189622,-1.352467,0.3487150680881922,1.4992335508982035,1.95466,0.2531030536250634,0.0,0,0.0,0.0,0,0.0,0.0,0,0.0,9.699460846307385,10.687212,0.3732749107773018,0.9590438562874252,2.535067,0.49294343423000875,0.051552740518962074,0.889553,0.24972734267171579,-0.0008419201596806387,0.055702,0.027020093394020922,9.087824351297409e-05,0.0428,0.015037106527359108,-0.00598489620758483,0.034311,0.018245562533865747
TAKE_00166,0.4922622115768463,0.493604,0.0006006505965582484,0.5276305329341318,0.529649,0.0010832046553691061,0.5297345688622754,0.531014,0.0007169235619984635,0.49170258083832336,0.492362,0.00042507323128154046,0.04027157285429142,0.066093,0.01041361198418596,0.535157996007984,0.537049,0.0006441638424996966,1.0,1.0,0.0,0.0,0,0.0,0.0,0,0.0,0.4909535888223553,0.49368,0.0013493596194472947,0.00416654491017964,0.050859,0.010155463362568899,1.0,1,0.0,7.786264654690619,9.534272,1.035402496643787,-0.7193194271457086,-0.275069,0.1661183739368561,7.7933058443113765,9.584028,1.0345373333928605,0.0,0,0.0,1.1227587844311377,2.4,1.1388297153528768,-41.61863457085828,204.941475,98.41881910927127,0.0,0.0,0.0,0.0012445289421157684,0.140625,0.020654317596416994,15.501349928143712,19.183511,1.7042972147784816,-1.5277981077844311,-0.638037,0.43952732218454027,0.0,0.0,0.0,-0.01975970858283433,0.165599,0.0859120608773117,15.516121425149702,19.183511,1.713047752827432,-1.4962955329341316,-0.561175,0.44686173792783584,0.0,0.0,0.0,-0.02135522754491018,0.165599,0.0846834518612705,-0.0004669481037924152,0.000797,0.0004647180191270802,0.8674485728542913,0.966356,0.04333719229296208,0.7303495688622754,0.928831,0.09957979694724105,-1.7524280419161677,-1.546291,0.06612444327109498,1.6478095508982036,1.879883,0.1261050223493888,1.0,1,0.0,0.0,0,0.0,0.0,0,0.0,9.688205936127744,10.511454,0.27996965445154176,0.47239275648702594,1.078712,0.2178242026998024,1.0608845289421158,1.60647,0.23007972394173645,-0.024479453093812376,-0.014802,0.005135433399850046,-0.004205281437125749,0.043507,0.016524887922725363,-0.0031535049900199602,0.024472,0.01075706546798313
TAKE_00167,0.4933329680638723,0.494048,0.0003571729314744007,0.5262093253493014,0.528011,0.0007601674420388853,0.5284295149700599,0.52997,0.0005729671109893378,0.49295161876247506,0.493403,0.0002579503137568533,0.07075719361277445,0.100732,0.013265377362609748,0.534126123752495,0.53503,0.0004928828062073042,1.0,1.0,0.0,0.0,0,0.0,0.0,0,0.0,0.4917459481037924,0.494032,0.0010197561754171182,0.0005085668662674651,0.011497,0.0013771856193048064,1.0,1,0.0,15.234150612774451,15.36139,0.054286555876665823,-0.048352345309381234,0.298613,0.11901050887128631,15.2342663752495,15.424306,0.05905689697451713,0.0,0,0.0,0.281253377245509,1.4,0.6554956730107829,-79.76295476447106,179.03894,247.42937221726552,0.0,0.0,0.0,0.009549920159680638,0.359375,0.05989329172571509,40.9469968742515,44.646739,1.3402814492484207,-0.2680101956087825,0.997823,0.6627050533019812,0.0,0.0,0.0,0.09903771257485029,0.306792,0.09159698910181067,41.10889649500998,44.646739,1.3047300024861765,-0.019722900199600803,0.997823,0.6244915236481291,0.0,0.0,0.0,0.09923416966067863,0.310779,0.09242114144128044,-1.8818363273453096e-05,0.00041,0.0002127962897752583,0.9474788323353294,0.987341,0.06210095268798889,0.9831339500998004,0.992459,0.008634874068537687,-1.8498767185628742,-1.78986,0.04483605282362201,1.7006461696606787,1.770196,0.03990223655171661,1.0,1,0.0,0.0,0,0.0,0.0,0,0.0,9.74947826746507,10.972544,0.40175791453896265,0.5420996926147704,3.277643,0.4062652504128179,0.4856241936127744,2.350006,0.27498045046806585,-0.022536167664670658,-0.012874,0.004554355405524741,0.0018320419161676645,0.045072,0.013583712346639252,-0.008737856287425148,0.045842,0.0175549904234467
TAKE_00168,0.4929947704590818,0.493975,0.0004421429737150451,0.5251569680638722,0.528433,0.0011815807204666063,0.5271756387225549,0.529125,0.0006915353578938418,0.49315888822355286,0.493797,0.0002659345924865765,0.0639880119760479,0.091418,0.010712441272271066,0.5334850978043911,0.535427,0.0007162152779821707,1.0,1.0,0.0,0.0,0,0.0,0.0,0,0.0,0.49173408982035927,0.496978,0.0016139758901285342,0.0006294530938123752,0.010865,0.0016057546961772875,1.0,1,0.0,15.946232626746507,16.028039,0.045400139033471516,-0.030334221556886226,0.289152,0.09264816511206692,15.94663291017964,16.100695,0.04919998991481467,0.0,0,0.0,-0.5750569481037924,6.8,3.4958607661986143,345.559449243513,2284.631751,660.5871111706446,0.0,0.0,0.0,0.0016573532934131736,0.078125,0.011265585701104676,0.0,0.0,0.0,0.0,0.0,0.0,0.0,0.0,0.0,0.0,0.0,0.0,0.0,0.0,0.0,0.0,0.0,0.0,0.0,0.0,0.0,0.0,0.0,0.0,0.0001291956087824351,0.001614,0.0011855754879638324,0.5916039620758482,0.817117,0.13243137404615474,0.8733173572854291,0.95271,0.12708697703850735,-1.88676051497006,-1.222088,0.33844271943333454,1.303991508982036,1.688999,0.2150516143326957,0.0,0,0.0,0.0,0,0.0,0.0,0,0.0,9.73831813972056,11.351195,0.40882220682304043,0.4168681716566866,1.485863,0.48109022290265935,0.4501752015968064,1.364768,0.2583623025755679,-0.02768574850299401,0.012622,0.017682601973709133,0.001050059880239521,0.039049,0.013367170268550008,-0.012897013972055888,0.022436,0.014525251773439397
TAKE_00169,0.4933960239520958,0.494545,0.0005064302315471029,0.5256100279441118,0.528531,0.0015698452507230043,0.5277350359281437,0.528926,0.000654615180626472,0.4931142654690619,0.493567,0.00025519541411483704,0.10394638323353293,0.232377,0.03768054569043338,0.536011992015968,0.538543,0.0010112100928769035,1.0,1.0,0.0,0.0,0,0.0,0.0,0,0.0,0.4898906387225549,0.498287,0.002743323681087942,0.00046970059880239523,0.00534,0.0008875377502842569,1.0,1,0.0,18.309909361277448,18.438966,0.08321465416786586,0.03684904191616766,0.3624,0.1254643381447503,18.309602662674653,18.479166,0.08502220651297918,0.0,0,0.0,-0.24842856686626746,0.1,0.27723287400297614,-45.75332809780439,205.81113,206.86155800737026,0.0,0.0,0.0,-6.128542914171657e-05,0.0,0.0008617662678286183,39.09322600998004,44.106776,2.1724258020930276,0.22819654291417166,1.427038,0.4898295608025843,0.0,0.0,0.0,0.16370243512974053,0.391951,0.09443659438007217,39.11818469461078,44.106776,2.110548429622388,0.25756678043912173,1.427038,0.4918977348268883,0.0,0.0,0.0,0.16364108982035927,0.391951,0.09474779261792815,5.389421157684631e-05,0.000249,0.00011887756216556244,0.9092442694610778,0.985557,0.0795884046947122,0.9145459101796407,0.97547,0.05032804402022743,-1.6398730598802396,-1.547781,0.038786185388156036,1.4621531117764472,1.504934,0.023734498530777453,1.0,1,0.0,0.0,0,0.0,0.0,0,0.0,9.671900556886227,10.419451,0.2854725486702482,0.49250905788423155,1.419554,0.30111604879409304,0.4021953612774451,0.960729,0.19452938570210726,-0.027163968063872255,-0.021923,0.0020159434662157705,0.00355361876247505,0.028906,0.009018540820796188,-0.00611260878243513,0.018108,0.00964867665344024
TAKE_00170,0.4937567744510978,0.495016,0.0004962833092357618,0.5264519481037925,0.528406,0.0009622476839676174,0.5281471716566867,0.529631,0.0008092199493800748,0.4932504251497006,0.493785,0.0003179482047224433,0.09320898203592815,0.165219,0.026709238232073874,0.5354318083832335,0.537798,0.0011349881317485383,1.0,1.0,0.0,0.0,0,0.0,0.0,0,0.0,0.4896582115768463,0.491722,0.0008692811185949168,0.00011598802395209581,0.000908,0.0001752098394962093,1.0,1,0.0,11.680678906187625,13.338207,1.5022899491946018,-0.9877624510978044,-0.173716,0.7518834541268479,11.690064560878243,13.33125,1.4933929035567415,0.0,0,0.0,0.28645821956087825,4.0,1.6867790493160095,-7.888738804391217,204.334998,118.46181110853904,0.0,0.0,0.0,-0.0013729540918163672,0.015625,0.005278649502655791,26.21649197005988,65.347225,15.75085791058084,-0.36339393213572857,3.564201,1.013987665329674,0.0,0.0,0.0,-0.007205576846307387,0.358028,0.2684000545803757,32.558418419161676,91.183517,25.796903824726684,0.42802961676646706,7.054385,1.9822811614551064,0.0,0.0,0.0,0.08344312774451099,0.41865,0.23979418373359201,-0.0003095169660678643,0.000515,0.0007410050298153022,0.9637921856287426,0.990078,0.02336898316845373,0.9289564610778444,0.970166,0.03287725189800669,-1.911993786427146,-1.847865,0.05334743626151425,1.5212401816367267,1.582782,0.03268414655041438,1.0,1,0.0,0.0,0,0.0,0.0,0,0.0,9.645919566866267,10.413823,0.2559499122003951,0.3746683333333333,0.900439,0.2073895912668008,1.3973971017964073,2.871781,0.760694136034919,-0.02595966467065868,-0.010658,0.006344123253793966,0.002968047904191617,0.026346,0.00730331246063734,-0.0038093972055888224,0.018883,0.009048378755109238
TAKE_00171,0.4929265688622754,0.493793,0.00039082446411209794,0.52555125748503,0.52729,0.0006656756954923123,0.5280416147704591,0.529228,0.0004778692219647185,0.49305910578842316,0.493645,0.00024198855920565943,0.06070576447105788,0.097309,0.011488843516055718,0.5354880139720559,0.537264,0.000684814589363024,1.0,1.0,0.0,0.0,0,0.0,0.0,0,0.0,0.49227067265469066,0.494575,0.0009885885739936017,0.002003055888223553,0.020557,0.0030998413070462577,1.0,1,0.0,18.249170233532933,20.270513,1.5045457662998674,-0.9120098283433133,0.008936,0.37795789685335907,18.25792755489022,20.303473,1.5003128181069596,0.0,0,0.0,1.661082131736527,6.1,2.219964323851322,303.9620803792415,2471.647011,1018.2719161489796,0.0,0.0,0.0,0.17133519361277444,0.4375,0.19140746737348677,57.954672391217564,84.928447,9.601710094772322,-7.180939193612774,-2.808899,2.3864504091183476,0.0,0.0,0.0,0.6830841736526946,1.694142,0.5245373871476003,58.52422001596806,84.928447,9.762797779971127,-7.09696724750499,-2.808899,2.453209659632718,0.0,0.0,0.0,0.6919150818363273,1.694142,0.5195055113311879,-0.0005362654690618762,0.000101,0.0005275095102320235,0.9130385449101796,0.980318,0.07993894375857417,0.835095365269461,0.976517,0.22502223429043694,-1.6768303093812376,-1.536594,0.07799173177483684,1.7910625409181635,1.894286,0.04924191789348611,1.0,1,0.0,0.0,0,0.0,0.0,0,0.0,9.661575522954092,12.195123,0.5458234944670468,0.6776214011976047,1.78111,0.4536495915121987,1.2916371656686627,3.063827,0.5229089040911642,-0.0194357125748503,0.008117,0.012427025649012782,0.0012998343313373251,0.079049,0.019294439594725186,-0.009807750499001996,0.052068,0.02061056591022247
TAKE_00172,0.49347655688622755,0.49427,0.00043020347192630125,0.5264948722554891,0.527901,0.0005864343574934317,0.5291204051896207,0.529636,0.0002698045838992462,0.49283610578842313,0.493419,0.00020584588115000508,0.08626961676646706,0.140507,0.017568946087254008,0.536134630738523,0.537888,0.000574020600129708,1.0,1.0,0.0,0.0,0,0.0,0.0,0,0.0,0.4923944251497006,0.494459,0.0019010902663697932,2.0912175648702596e-05,5.3e-05,6.993158904035131e-06,1.0,1,0.0,6.836564317365269,7.964505,0.9745813974556216,0.29939583832335326,1.964124,0.9124918044423368,6.8333245429141725,7.976389,0.970617081948078,0.0,0,0.0,-0.8546692794411177,1.3,1.4949060540224182,-270.09800974650693,206.387731,224.56541994363124,0.0,0.0,0.0,-0.0009349461077844311,0.015625,0.003919393470817879,58.56613720758483,67.000656,4.188690322234555,-5.224785037924152,-0.603561,2.13394922113859,0.0,0.0,0.0,-0.011724081836327345,0.307456,0.17063516792068179,58.39785284630739,72.502392,9.088275515823279,-4.804311764471057,0.0,2.4467642267758603,0.0,0.0,0.0,-0.010973972055888223,0.307456,0.16943309632540868,0.0003436107784431138,0.001506,0.0006107118160012895,0.7970898443113773,0.974761,0.1565843757318071,0.5255325369261478,0.969112,0.23990673449290498,-1.4771207904191617,-1.380414,0.053336093980924336,1.617828786427146,1.776423,0.07917197872351221,1.0,1,0.0,0.0,0,0.0,0.0,0,0.0,9.697551085828342,10.762044,0.2842673514404189,0.3976799021956088,1.05388,0.20874480884499233,0.07298356487025948,1.442527,0.991226779988145,-0.029480992015968065,-0.019915,0.004635872087529601,0.003017449101796407,0.0605,0.016740125068944508,-0.007948209580838323,0.013394,0.011106362777704855
TAKE_00173,0.4929848063872255,0.493727,0.0003440230986999341,0.5261210518962076,0.527252,0.0005718744523944516,0.5289487025948104,0.529583,0.000292145856334258,0.4931506566866267,0.493433,0.000163478493693309,0.10782127944111777,0.157226,0.022380751463562554,0.537329001996008,0.539507,0.0009320057735850572,1.0,1.0,0.0,0.0,0,0.0,0.0,0,0.0,0.4915229500998004,0.49368,0.0012814351858384562,2.8786427145708583e-05,0.000132,2.111710906845873e-05,1.0,1,0.0,12.57559371257485,13.768785,0.9533622822582247,0.5847671596806387,1.767297,0.4904597152743683,12.567245463073853,13.799306,0.9560137005025945,0.0,0,0.0,-0.4817676407185629,2.0,1.9871437019890132,-211.80190345109781,772.60165,459.30349565508135,0.0,0.0,0.0,-0.00025432534930139723,0.0,0.0017200831723890935,19.927898235528943,21.849805,1.3178614549405478,1.1319303353293413,2.432035,0.5321318666764535,0.0,0.0,0.0,-0.02108035728542914,0.287182,0.1892905550583709,19.942152646706585,21.849805,1.3228214105552951,1.1501410938123753,2.432035,0.5169780672572688,0.0,0.0,0.0,-0.021873131736526948,0.287182,0.19037396710087912,0.000834500998003992,0.002409,0.0008573938362847036,0.7726057005988023,0.990048,0.20885834507000728,0.72202948502994,0.989518,0.23922933253335432,-1.5873029301397206,-1.442522,0.09620262258833273,1.4465665908183634,1.606039,0.1142111132969739,1.0,1,0.0,0.0,0,0.0,0.0,0,0.0,9.745312487025947,11.110544,0.377382587967212,0.5789070259481038,1.550225,0.2788986808436377,-0.2617804890219561,1.077174,0.5697163010929582,-0.030447722554890217,-0.010693,0.01013054596045397,-0.0002948243512974051,0.068173,0.019146904794589793,-0.0124249500998004,0.030238,0.0173210544699653
TAKE_00174,0.49323840518962075,0.494377,0.0004094925121329045,0.5249019361277445,0.526104,0.0006497427090105134,0.5279456047904192,0.528986,0.00041131291676407367,0.49280351896207586,0.49327,0.00019427615947330683,0.09028583433133733,0.126176,0.01656012504078695,0.5368723073852295,0.538571,0.0007513506487154732,1.0,1.0,0.0,0.0,0,0.0,0.0,0,0.0,0.49454695009980043,0.496992,0.001153943339815649,0.00046030938123752495,0.006316,0.000952463988868774,1.0,1,0.0,11.046017814371258,14.007786,1.8348328064826003,1.2821849001996009,1.705853,0.17919063903027382,11.032817373253494,14.007639,1.8364210900349718,0.0,0,0.0,-1.9900229461077843,0.2,1.6901356762876094,-94.0758969241517,41.962131,70.32020907841566,0.0,0.0,0.0,-0.0003786786427145709,0.0,0.0021036270768658,31.708645634730537,43.767359,6.386057861191781,3.239809353293413,4.375032,0.5234273820070262,0.0,0.0,0.0,-0.04515421956087825,0.257706,0.16803780357573028,31.810486003992015,43.767359,6.412241124524309,3.3884393433133733,5.056471,0.553400048167748,0.0,0.0,0.0,-0.04631589620758483,0.254578,0.16874841425038992,0.0005475129740518962,0.001502,0.0006206331688939426,0.7464783932135729,0.971315,0.2224309175354161,0.729871253493014,0.976627,0.25062609375916456,-1.7954495968063873,-1.688402,0.0644089565174062,1.378199015968064,1.500865,0.052669256716529465,1.0,1,0.0,0.0,0,0.0,0.0,0,0.0,9.751392890219561,11.191069,0.41770309876112965,0.3310590558882236,0.99967,0.22038370047436104,-0.8759688323353294,0.078599,0.3453924612172415,-0.03294805389221557,-0.024183,0.005118408083680872,0.001485922155688623,0.03809,0.009368166074100525,-0.006163576846307385,0.018889,0.009383658870002832
TAKE_00175,0.4929262914171657,0.494042,0.0004539530448253622,0.525853992015968,0.527595,0.0008949120448046585,0.5284022654690619,0.529395,0.00045555898782172763,0.4930229780439122,0.493479,0.00020105640381984098,0.09316464670658683,0.15463,0.021506326809777,0.5357521736526946,0.537923,0.0006855543390455088,1.0,1.0,0.0,0.0,0,0.0,0.0,0,0.0,0.4925876027944112,0.495015,0.0010805959318413605,2.3127744510978046e-05,0.000145,1.7960947878733875e-05,1.0,1,0.0,14.338665181636726,16.198005,1.247692459860145,0.8618781457085828,1.481437,0.21932926895956356,14.328822798403195,16.222221,1.248914941808539,0.0,0,0.0,0.7477593073852296,3.3,1.3878498178849237,215.51342582634732,949.270124,277.3587451291722,0.0,0.0,0.0,0.0034029361277445112,0.21875,0.028275746856695268,26.239133337325352,28.469449,0.9077950956661744,0.4546668582834331,2.612791,0.8519180655318792,0.0,0.0,0.0,0.02322010379241517,0.42966,0.3376645562526235,25.860931778443113,28.469449,2.3906439039264082,0.5442525768463075,2.612791,0.951484508373702,0.0,0.0,0.0,0.01697696606786427,0.42966,0.3486366767011194,-0.0003335029940119761,0.000492,0.00044880872372428116,0.5919677165668663,0.873871,0.21964677420232592,0.5538752095808384,0.842044,0.1522062507632653,-1.6908813113772454,-1.51089,0.1755881325086944,1.7915270878243512,2.352598,0.16296496753765366,1.0,1,0.0,0.0,0,0.0,0.0,0,0.0,9.761569584830339,11.578387,0.4238522845367414,0.4649271157684631,1.861248,0.3042551963552283,-0.42431289021956087,1.238908,0.404056236590752,-0.023297994011976048,-0.002753,0.006674348868763475,-0.00023821556886227544,0.05809,0.0256812008886936,-0.006168481037924152,0.048772,0.015099852111532076
TAKE_00176,0.4930440259481038,0.49395,0.000401678201207613,0.5244407904191617,0.526507,0.0009943959905329494,0.5269698443113773,0.528363,0.0005790548538028528,0.4934040938123752,0.494014,0.00020988198870229043,0.0626427125748503,0.098429,0.012150820698587467,0.5352979560878244,0.536703,0.0006994651714473414,1.0,1.0,0.0,0.0,0,0.0,0.0,0,0.0,0.49138920359281435,0.49578,0.0015190836140474217,8.315968063872256e-05,0.000557,9.791963261316805e-05,1.0,1,0.0,19.924555828343312,20.134142,0.13207879673049194,-0.0731214131736527,0.18385,0.09173360637876908,19.925397856287425,20.16736,0.1329680468854837,0.0,0,0.0,-0.08215299201596807,2.03841,0.5539736282604,168.43390623952095,2004.072826,508.49134703122576,0.0,0.0,0.0,0.0009820658682634731,0.109375,0.013295760753174402,63.72148239321357,71.269375,2.858584403986988,-0.10020488223552894,1.377759,0.351015592253917,0.0,0.0,0.0,0.16027821157684632,0.541609,0.1515149694510979,63.72148239321357,71.269375,2.858584403986988,-0.10020488223552894,1.377759,0.351015592253917,0.0,0.0,0.0,0.16027821157684632,0.541609,0.1515149694510979,-0.00010006387225548902,0.000314,0.00028074387600119727,0.742468245508982,0.943359,0.09697329607339128,0.914228253493014,0.969857,0.02467435828413007,-1.781394618762475,-1.713214,0.02614326965007195,1.7917212135728544,1.870117,0.03526419728495597,1.0,1,0.0,0.0,0,0.0,0.0,0,0.0,9.770115688622754,10.865074,0.315285701231183,0.4303587285429142,1.291121,0.29773168466231176,0.3187527584830339,0.952821,0.2149240115805573,-0.026670209580838322,-0.016743,0.003953131710680538,-0.0022740518962075847,0.023382,0.010309377189981043,-0.004941121756487026,0.048205,0.01848249831064907
TAKE_00920,0.563573,0.563573,0.0,0.487219,0.487219,0.0,0.449043,0.449043,0.0,0.449043,0.449043,0.0,0.005292433133732535,0.012992,0.0030773831659414727,0.525545,0.525545,0.0,1.0,1.0,0.0,0.0,0,0.0,0.0,0,0.0,0.49923585828343314,0.5,0.0029080104714178955,0.000954,0.000954,0.0,1.0,1,0.0,35.64965343512974,35.708767,0.04316633387238677,0.017241728542914173,0.665,0.25563053852180123,35.64927818363273,35.694443,0.05785377435963114,0.0,0,0.0,0.584318251497006,1.2,0.34591923320498474,0.028269301397205588,0.32394,0.1248754757750575,0.0,0.0,0.0,0.0,0.0,0.0,0.0,0.0,0.0,0.0,0.0,0.0,0.0,0.0,0.0,0.0,0.0,0.0,0.0,0.0,0.0,0.0,0.0,0.0,0.0,0.0,0.0,0.0,0.0,0.0,,,,,,,,,,,,,,,,0.0,0,0.0,0.0,0,0.0,0.0,0,0.0,9.818721247504989,11.548919,0.5054992777662247,0.42530462275449105,1.763623,0.43661900199300924,0.0034931656686626746,1.659267,0.36385601180213367,0.06380460479041916,0.072488,0.0030666195635417424,-0.03427445109780439,0.008711,0.012404874474338856,0.024314205588822354,0.074503,0.01707081957141041
TAKE_00921,0.563573,0.563573,0.0,0.487219,0.487219,0.0,0.449043,0.449043,0.0,0.449043,0.449043,0.0,0.009554399201596807,0.016451,0.0026164939870596637,0.525545,0.525545,0.0,1.0,1.0,0.0,0.0,0,0.0,0.0,0,0.0,0.5,0.5,0.0,0.000954,0.000954,0.0,1.0,1,0.0,20.0,20.0,0.0,0.0,-0.0,0.0,20.0,20.0,0.0,0.0,0,0.0,0.24568031736526946,0.7,0.20555871764328795,0.48952158283433134,0.784112,0.12170499213009965,0.0,0.0,0.0,0.0,0.0,0.0,0.0,0.0,0.0,0.0,0.0,0.0,0.0,0.0,0.0,0.0,0.0,0.0,0.0,0.0,0.0,0.0,0.0,0.0,0.0,0.0,0.0,0.0,0.0,0.0,,,,,,,,,,,,,,,,0.0,0,0.0,0.0,0,0.0,0.0,0,0.0,9.818235341317365,10.551851,0.2095819749840265,0.4175547744510978,1.199093,0.2617582083943634,0.0432075868263473,0.610668,0.1691675986819548,0.06332493413173652,0.0688,0.0023492335340814276,-0.03483695409181636,-0.008449,0.007730403299433229,0.025844335329341318,0.041404,0.0063286361209449644
TAKE_00922,0.563573,0.563573,0.0,0.487219,0.487219,0.0,0.449043,0.449043,0.0,0.449043,0.449043,0.0,0.010260888223552894,0.018438,0.0022084097037191777,0.525545,0.525545,0.0,1.0,1.0,0.0,0.0,0,0.0,0.0,0,0.0,0.49974130738522954,0.5,0.0016370240735326116,0.000954,0.000954,0.0,1.0,1,0.0,24.813833221556887,25.139114,0.32194691382173213,-0.2601278163672655,0.35497,0.40502864751103,24.814930766467064,25.138889,0.32139302771092576,0.0,0,0.0,5.689354654690619,8.5,1.732734951098809,0.8331868862275449,2.705846,0.8532809202706628,0.14513447305389224,0.184,0.06408730718919135,0.0,0.0,0.0,52.31886845508982,60.121025,6.232114941200223,-3.4045944510978043,-1.573073,0.8924273637963316,0.0,0.0,0.0,3.888893936127744,4.488875,0.4375024956182129,52.34693648902196,60.121025,6.243571916072986,-3.3675876746506987,-1.573073,0.9259819874738658,0.0,0.0,0.0,3.888816281437126,4.488875,0.4374997677341819,,,,,,,,,,,,,,,,1.0,1,0.0,0.0,0,0.0,0.0,0,0.0,9.881449836327345,10.763882,0.2896200846641003,0.780342137724551,1.909103,0.43186726067897185,0.3053018862275449,1.908534,0.47674435835252116,0.12275808383233533,0.150051,0.014685293105994063,-0.037503712574850294,0.001238,0.011818536534665424,0.024569716566866268,0.060601,0.01391484128215284
TAKE_00923,0.563573,0.563573,0.0,0.487219,0.487219,0.0,0.449043,0.449043,0.0,0.449043,0.449043,0.0,0.008814580838323352,0.014116,0.0019508507846455355,0.525545,0.525545,0.0,1.0,1.0,0.0,0.0,0,0.0,0.0,0,0.0,0.5,0.5,0.0,0.000954,0.000954,0.0,1.0,1,0.0,37.576930544910184,38.331146,0.4329873136181011,-0.29048753293413176,0.467681,0.2862755039003118,37.579899249501004,38.333332,0.43429268383750674,0.0,0,0.0,0.15184776846307385,1.16114,0.1846761843086495,2.302032616766467,2.931943,0.1370001804880743,0.18332281636726547,0.216,0.02514288851683943,0.0,0.0,0.0,87.13878815768463,127.578133,49.8511107671419,-1.5173556447105787,0.0,0.96135188166491,0.0,0.0,0.0,0.06014260678642715,0.305544,0.07627226851394335,88.40507225948105,127.578133,49.19996888068548,-1.5367638083832336,0.0,0.9524706594942828,0.0,0.0,0.0,0.06065650898203593,0.305544,0.07607264670320349,,,,,,,,,,,,,,,,0.7085828343313373,1,0.4548694182122496,0.0,0,0.0,0.0,0,0.0,9.987696139720558,11.624984,0.4842796175128122,0.4081811357285429,1.696283,0.339090709644634,0.1432618383233533,1.079568,0.310758122880532,0.06338063073852296,0.074216,0.004011073269010831,-0.0401104750499002,-0.001995,0.016326469295652273,0.02390961477045908,0.05652,0.011105684943365782
TAKE_00924,0.563573,0.563573,0.0,0.487219,0.487219,0.0,0.449043,0.449043,0.0,0.449043,0.449043,0.0,0.03083610379241517,0.078541,0.015882408498625326,0.525545,0.525545,0.0,0.9947788123752495,1.0,0.011957745227120743,0.1497005988023952,1,0.3571343027204762,0.1497005988023952,1,0.3571343027204762,0.49974423153692615,0.5,0.0017669196241718037,0.000954,0.000954,0.0,1.0,1,0.0,32.09372615169661,32.228066,0.03156828723622807,-0.005535538922155688,0.689784,0.15032270979709272,32.09410169860279,32.222221,0.03543212623407305,0.0,0,0.0,0.4945743233532934,3.159351,1.7097381060693573,-0.5609874411177644,1.312304,1.1733196101769348,0.0,0.0,0.0,0.0,0.0,0.0,36.10161297804392,48.01172,5.793862148490069,1.6519507385229542,5.425122,1.9406269355730044,0.0,0.0,0.0,0.07394203393213572,0.501887,0.21329638239120896,36.37399947504991,48.01172,5.959353754579276,2.098170848303393,5.574032,2.31267875115241,0.0,0.0,0.0,0.08528604590818364,0.501887,0.20941574045447464,,,,,,,,,,,,,,,,1.0,1,0.0,0.0,0,0.0,0.0,0,0.0,9.84704445508982,11.112381,0.3768221949778017,0.3528212075848304,1.786174,0.726611011178095,-0.216977622754491,0.874225,0.31316377899826703,0.06580214171656687,0.093008,0.013443187766072324,-0.036262958083832335,0.003807,0.011560487778819692,0.03484469261477046,0.092439,0.0201033016995051
TAKE_00925,0.563573,0.563573,0.0,0.487219,0.487219,0.0,0.449043,0.449043,0.0,0.449043,0.449043,0.0,0.008326938123752495,0.014055,0.0018148702372796986,0.525545,0.525545,0.0,1.0,1.0,0.0,0.0,0,0.0,0.0,0,0.0,0.5,0.5,0.0,0.000954,0.000954,0.0,1.0,1,0.0,37.16121523353293,37.386529,0.09118346270929706,0.05336319560878243,0.689831,0.21196019231394767,37.1607432015968,37.361111,0.09251064443825603,0.0,0,0.0,1.209542143712575,2.2,0.4798289968354844,-0.07210217165668663,0.86,0.8716766994895955,0.0,0.0,0.0,0.0,0.0,0.0,1.6367730379241516,108.271592,12.075107456836527,-0.06410401796407185,0.0,0.47633140190787515,0.0,0.0,0.0,0.01606014770459082,1.057239,0.11921502740154087,2.514310902195609,91.673117,13.070335565886833,-0.02414621756487026,0.0,0.13456525046361176,0.0,0.0,0.0,0.035082471057884236,1.266008,0.18276542681959754,,,,,,,,,,,,,,,,0.001996007984031936,1,0.044676705160877024,0.0,0,0.0,0.0,0,0.0,9.770085526946108,11.129831,0.4160495456314038,0.7983977704590818,1.825017,0.3300699114318438,-0.10317682035928144,0.679259,0.2525783705807045,0.071354125748503,0.084525,0.005747832338034542,-0.034467185628742514,0.011733,0.012595263767443427,0.022089015968063872,0.073544,0.013768699254459171
